Year,Province,Population,PopulationDensity
2010,Abra,234733,56
2010,Agusan del Norte,332487,127
2010,Agusan del Sur,656418,66
2010,Aklan,535725,304
2010,Albay,1233432,479
2010,Antique,546031,200
2010,Apayao,112636,25
2010,Aurora,201233,64
2010,Basilan,293322,85
2010,Bataan,687482,501
2010,Batanes,16604,82
2010,Batangas,2377395,763
2010,Benguet,403944,146
2010,Biliran,161760,302
2010,Bohol,1255128,263
2010,Bukidnon,1299192,124
2010,Bulacan,2924433,1051
2010,Cagayan,1124773,120
2010,Camarines Norte,542915,238
2010,Camarines Sur,1822371,331
2010,Camiguin,83807,347
2010,Capiz,719685,277
2010,Catanduanes,246300,165
2010,Cavite,3090691,2025
2010,Cebu,2619362,530
2010,Cotabato,1226508,132
2010,Davao Occidental,293780,136
2010,Davao Oriental,517618,91
2010,Davao de Oro,783775,175
2010,Davao del Norte,945764,276
2010,Davao del Sur,574910,266
2010,Dinagat Islands,126803,155
2010,Eastern Samar,428877,93
2010,Guimaras,162943,266
2010,Ifugao,191078,73
2010,Ilocos Norte,568017,166
2010,Ilocos Sur,658587,254
2010,Iloilo,1805576,361
2010,Isabela,1489645,114
2010,Kalinga,201613,61
2010,La Union,741906,495
2010,Laguna,2669847,1385
2010,Lanao del Norte,607917,181
2010,Lanao del Sur,933260,62
2010,Leyte,1567984,247
2010,Maguindanao,944718,95
2010,Maguindanao del Norte,1124811,282
2010,Maguindanao del Sur,813243,164
2010,Marinduque,227828,239
2010,Masbate,834650,202
2010,Metro Manila,11855975,19137
2010,Misamis Occidental,567642,283
2010,Misamis Oriental,813856,260
2010,Mountain Province,154187,65
2010,Negros Occidental,3305264,415
2010,Negros Oriental,1492038,277
2010,Northern Samar,589013,159
2010,Nueva Ecija,1955373,344
2010,Nueva Vizcaya,421355,88
2010,Occidental Mindoro,452971,77
2010,Oriental Mindoro,785602,185
2010,Palawan,771667,53
2010,Pampanga,2014019,1006
2010,Pangasinan,2779862,510
2010,Quezon,1740638,199
2010,Quirino,176786,76
2010,Rizal,2484840,2101
2010,Romblon,283930,185
2010,Samar,733377,121
2010,Sarangani,498904,137
2010,Siquijor,91066,270
2010,Sorsogon,740743,350
2010,South Cotabato,827200,218
2010,Southern Leyte,399137,222
2010,Sultan Kudarat,747087,139
2010,Sulu,718290,158
2010,Surigao del Norte,442588,227
2010,Surigao del Sur,561219,114
2010,Tarlac,1273240,418
2010,Tawi-Tawi,366550,101
2010,Zambales,534443,147
2010,Zamboanga Sibugay,584685,168
2010,Zamboanga del Norte,957997,131
2010,Zamboanga del Sur,959685,214
2011,Abra,236018,56
2011,Agusan del Norte,336890,129
2011,Agusan del Sur,665265,67
2011,Aklan,543545,309
2011,Albay,1249711,485
2011,Antique,553227,203
2011,Apayao,113946,25
2011,Aurora,203854,65
2011,Basilan,303973,88
2011,Bataan,702116,512
2011,Batanes,16732,83
2011,Batangas,2440783,783
2011,Benguet,412400,149
2011,Biliran,163730,306
2011,Bohol,1266814,265
2011,Bukidnon,1322399,126
2011,Bulacan,2997961,1077
2011,Cagayan,1139682,122
2011,Camarines Norte,550995,242
2011,Camarines Sur,1848406,336
2011,Camiguin,84741,351
2011,Capiz,728025,280
2011,Catanduanes,249233,167
2011,Cavite,3208213,2102
2011,Cebu,2683286,543
2011,Cotabato,1257156,135
2011,Davao Occidental,298292,138
2011,Davao Oriental,525886,92
2011,Davao de Oro,783775,175
2011,Davao del Norte,959878,280
2011,Davao del Sur,586446,271
2011,Dinagat Islands,126873,155
2011,Eastern Samar,436534,95
2011,Guimaras,165277,270
2011,Ifugao,193423,74
2011,Ilocos Norte,573030,167
2011,Ilocos Sur,664803,256
2011,Iloilo,1831745,366
2011,Isabela,1510429,116
2011,Kalinga,203826,62
2011,La Union,750855,501
2011,Laguna,2742894,1423
2011,Lanao del Norte,621613,185
2011,Lanao del Sur,955694,63
2011,Leyte,1599323,252
2011,Maguindanao,990561,100
2011,Maguindanao del Norte,1124811,282
2011,Maguindanao del Sur,813243,164
2011,Marinduque,229167,240
2011,Masbate,846199,205
2011,Metro Manila,12060231,19467
2011,Misamis Occidental,574539,286
2011,Misamis Oriental,828787,265
2011,Mountain Province,154268,65
2011,Negros Occidental,3305264,415
2011,Negros Oriental,1492038,277
2011,Northern Samar,597686,161
2011,Nueva Ecija,1994591,351
2011,Nueva Vizcaya,427541,89
2011,Occidental Mindoro,459860,78
2011,Oriental Mindoro,797293,188
2011,Palawan,787227,54
2011,Pampanga,2050837,1024
2011,Pangasinan,2815235,516
2011,Quezon,1763827,202
2011,Quirino,179227,77
2011,Rizal,2564717,2169
2011,Romblon,285700,186
2011,Samar,742798,123
2011,Sarangani,507975,139
2011,Siquijor,92050,273
2011,Sorsogon,751184,355
2011,South Cotabato,844818,223
2011,Southern Leyte,403660,224
2011,Sultan Kudarat,760089,141
2011,Sulu,739578,163
2011,Surigao del Norte,451088,231
2011,Surigao del Sur,567425,115
2011,Tarlac,1291797,424
2011,Tawi-Tawi,371383,102
2011,Zambales,545724,150
2011,Zamboanga Sibugay,594374,171
2011,Zamboanga del Norte,968676,133
2011,Zamboanga del Sur,969883,216
2012,Abra,237304,56
2012,Agusan del Norte,341293,131
2012,Agusan del Sur,674112,68
2012,Aklan,551364,313
2012,Albay,1265990,492
2012,Antique,560423,205
2012,Apayao,115255,25
2012,Aurora,206474,66
2012,Basilan,314625,91
2012,Bataan,716749,522
2012,Batanes,16861,83
2012,Batangas,2504171,804
2012,Benguet,420856,152
2012,Biliran,165701,309
2012,Bohol,1278501,268
2012,Bukidnon,1345606,128
2012,Bulacan,3071488,1104
2012,Cagayan,1154592,123
2012,Camarines Norte,559074,245
2012,Camarines Sur,1874440,340
2012,Camiguin,85675,355
2012,Capiz,736365,283
2012,Catanduanes,252166,169
2012,Cavite,3325735,2179
2012,Cebu,2747210,556
2012,Cotabato,1287804,138
2012,Davao Occidental,302805,140
2012,Davao Oriental,534154,94
2012,Davao de Oro,783775,175
2012,Davao del Norte,973991,284
2012,Davao del Sur,597981,276
2012,Dinagat Islands,126943,155
2012,Eastern Samar,444190,96
2012,Guimaras,167611,274
2012,Ifugao,195768,75
2012,Ilocos Norte,578043,169
2012,Ilocos Sur,671019,259
2012,Iloilo,1857915,371
2012,Isabela,1531213,117
2012,Kalinga,206040,63
2012,La Union,759805,507
2012,Laguna,2815941,1461
2012,Lanao del Norte,635308,189
2012,Lanao del Sur,978128,65
2012,Leyte,1630662,257
2012,Maguindanao,1036404,104
2012,Maguindanao del Norte,1124811,282
2012,Maguindanao del Sur,813243,164
2012,Marinduque,230505,242
2012,Masbate,857747,208
2012,Metro Manila,12264486,19796
2012,Misamis Occidental,581436,290
2012,Misamis Oriental,843717,270
2012,Mountain Province,154348,65
2012,Negros Occidental,3305264,415
2012,Negros Oriental,1492038,277
2012,Northern Samar,606359,164
2012,Nueva Ecija,2033808,358
2012,Nueva Vizcaya,433728,90
2012,Occidental Mindoro,466748,79
2012,Oriental Mindoro,808985,191
2012,Palawan,802788,55
2012,Pampanga,2087655,1043
2012,Pangasinan,2850608,523
2012,Quezon,1787016,204
2012,Quirino,181668,78
2012,Rizal,2644595,2236
2012,Romblon,287470,187
2012,Samar,752219,124
2012,Sarangani,517047,142
2012,Siquijor,93033,276
2012,Sorsogon,761625,360
2012,South Cotabato,862436,227
2012,Southern Leyte,408182,227
2012,Sultan Kudarat,773090,144
2012,Sulu,760866,167
2012,Surigao del Norte,459588,235
2012,Surigao del Sur,573631,116
2012,Tarlac,1310355,430
2012,Tawi-Tawi,376216,104
2012,Zambales,557005,153
2012,Zamboanga Sibugay,604063,174
2012,Zamboanga del Norte,979355,134
2012,Zamboanga del Sur,980081,218
2013,Abra,238589,57
2013,Agusan del Norte,345697,132
2013,Agusan del Sur,682959,68
2013,Aklan,559184,318
2013,Albay,1282268,498
2013,Antique,567620,208
2013,Apayao,116565,26
2013,Aurora,209095,66
2013,Basilan,325276,94
2013,Bataan,731383,533
2013,Batanes,16989,84
2013,Batangas,2567559,824
2013,Benguet,429312,155
2013,Biliran,167671,313
2013,Bohol,1290187,270
2013,Bukidnon,1368812,131
2013,Bulacan,3145016,1130
2013,Cagayan,1169501,125
2013,Camarines Norte,567154,249
2013,Camarines Sur,1900475,345
2013,Camiguin,86610,358
2013,Capiz,744704,287
2013,Catanduanes,255098,171
2013,Cavite,3443257,2256
2013,Cebu,2811134,568
2013,Cotabato,1318451,142
2013,Davao Occidental,307317,142
2013,Davao Oriental,542422,95
2013,Davao de Oro,783775,175
2013,Davao del Norte,988105,289
2013,Davao del Sur,609517,282
2013,Dinagat Islands,127012,156
2013,Eastern Samar,451847,98
2013,Guimaras,169945,277
2013,Ifugao,198112,75
2013,Ilocos Norte,583055,170
2013,Ilocos Sur,677236,261
2013,Iloilo,1884084,377
2013,Isabela,1551998,119
2013,Kalinga,208253,63
2013,La Union,768754,513
2013,Laguna,2888987,1498
2013,Lanao del Norte,649004,194
2013,Lanao del Sur,1000561,66
2013,Leyte,1662001,262
2013,Maguindanao,1082247,109
2013,Maguindanao del Norte,1124811,282
2013,Maguindanao del Sur,813243,164
2013,Marinduque,231844,243
2013,Masbate,869296,210
2013,Metro Manila,12468742,20126
2013,Misamis Occidental,588332,293
2013,Misamis Oriental,858648,274
2013,Mountain Province,154429,65
2013,Negros Occidental,3305264,415
2013,Negros Oriental,1492038,277
2013,Northern Samar,615033,166
2013,Nueva Ecija,2073026,364
2013,Nueva Vizcaya,439914,92
2013,Occidental Mindoro,473637,81
2013,Oriental Mindoro,820676,193
2013,Palawan,818348,56
2013,Pampanga,2124474,1061
2013,Pangasinan,2885980,529
2013,Quezon,1810204,207
2013,Quirino,184109,79
2013,Rizal,2724472,2304
2013,Romblon,289241,189
2013,Samar,761639,126
2013,Sarangani,526118,144
2013,Siquijor,94017,278
2013,Sorsogon,772067,364
2013,South Cotabato,880053,232
2013,Southern Leyte,412705,229
2013,Sultan Kudarat,786092,146
2013,Sulu,782155,172
2013,Surigao del Norte,468088,240
2013,Surigao del Sur,579838,118
2013,Tarlac,1328912,436
2013,Tawi-Tawi,381049,105
2013,Zambales,568286,157
2013,Zamboanga Sibugay,613751,176
2013,Zamboanga del Norte,990035,136
2013,Zamboanga del Sur,990278,221
2014,Abra,239875,57
2014,Agusan del Norte,350100,134
2014,Agusan del Sur,691806,69
2014,Aklan,567003,322
2014,Albay,1298547,505
2014,Antique,574816,210
2014,Apayao,117874,26
2014,Aurora,211715,67
2014,Basilan,335928,97
2014,Bataan,746016,543
2014,Batanes,17118,84
2014,Batangas,2630947,845
2014,Benguet,437768,158
2014,Biliran,169642,316
2014,Bohol,1301874,273
2014,Bukidnon,1392019,133
2014,Bulacan,3218543,1157
2014,Cagayan,1184411,126
2014,Camarines Norte,575233,252
2014,Camarines Sur,1926509,349
2014,Camiguin,87544,362
2014,Capiz,753044,290
2014,Catanduanes,258031,173
2014,Cavite,3560779,2333
2014,Cebu,2875058,581
2014,Cotabato,1349099,145
2014,Davao Occidental,311830,144
2014,Davao Oriental,550690,97
2014,Davao de Oro,783775,175
2014,Davao del Norte,1002218,293
2014,Davao del Sur,621052,287
2014,Dinagat Islands,127082,156
2014,Eastern Samar,459503,99
2014,Guimaras,172279,281
2014,Ifugao,200457,76
2014,Ilocos Norte,588068,172
2014,Ilocos Sur,683452,264
2014,Iloilo,1910254,382
2014,Isabela,1572782,120
2014,Kalinga,210467,64
2014,La Union,777704,519
2014,Laguna,2962034,1536
2014,Lanao del Norte,662699,198
2014,Lanao del Sur,1022995,68
2014,Leyte,1693340,267
2014,Maguindanao,1128090,113
2014,Maguindanao del Norte,1124811,282
2014,Maguindanao del Sur,813243,164
2014,Marinduque,233182,245
2014,Masbate,880844,213
2014,Metro Manila,12672997,20455
2014,Misamis Occidental,595229,297
2014,Misamis Oriental,873578,279
2014,Mountain Province,154509,65
2014,Negros Occidental,3305264,415
2014,Negros Oriental,1492038,277
2014,Northern Samar,623706,169
2014,Nueva Ecija,2112243,371
2014,Nueva Vizcaya,446101,93
2014,Occidental Mindoro,480525,82
2014,Oriental Mindoro,832368,196
2014,Palawan,833909,57
2014,Pampanga,2161292,1080
2014,Pangasinan,2921353,536
2014,Quezon,1833393,209
2014,Quirino,186550,80
2014,Rizal,2804350,2371
2014,Romblon,291011,190
2014,Samar,771060,127
2014,Sarangani,535190,147
2014,Siquijor,95000,281
2014,Sorsogon,782508,369
2014,South Cotabato,897671,236
2014,Southern Leyte,417227,232
2014,Sultan Kudarat,799093,149
2014,Sulu,803443,176
2014,Surigao del Norte,476588,244
2014,Surigao del Sur,586044,119
2014,Tarlac,1347470,442
2014,Tawi-Tawi,385882,107
2014,Zambales,579567,160
2014,Zamboanga Sibugay,623440,179
2014,Zamboanga del Norte,1000714,137
2014,Zamboanga del Sur,1000476,223
2015,Abra,241160,57
2015,Agusan del Norte,354503,136
2015,Agusan del Sur,700653,70
2015,Aklan,574823,327
2015,Albay,1314826,511
2015,Antique,582012,213
2015,Apayao,119184,26
2015,Aurora,214336,68
2015,Basilan,346579,100
2015,Bataan,760650,554
2015,Batanes,17246,85
2015,Batangas,2694335,865
2015,Benguet,446224,161
2015,Biliran,171612,320
2015,Bohol,1313560,275
2015,Bukidnon,1415226,135
2015,Bulacan,3292071,1183
2015,Cagayan,1199320,128
2015,Camarines Norte,583313,256
2015,Camarines Sur,1952544,354
2015,Camiguin,88478,366
2015,Capiz,761384,293
2015,Catanduanes,260964,175
2015,Cavite,3678301,2410
2015,Cebu,2938982,594
2015,Cotabato,1379747,148
2015,Davao Occidental,316342,146
2015,Davao Oriental,558958,98
2015,Davao de Oro,783775,175
2015,Davao del Norte,1016332,297
2015,Davao del Sur,632588,292
2015,Dinagat Islands,127152,156
2015,Eastern Samar,467160,101
2015,Guimaras,174613,285
2015,Ifugao,202802,77
2015,Ilocos Norte,593081,173
2015,Ilocos Sur,689668,266
2015,Iloilo,1936423,387
2015,Isabela,1593566,122
2015,Kalinga,212680,65
2015,La Union,786653,525
2015,Laguna,3035081,1574
2015,Lanao del Norte,676395,202
2015,Lanao del Sur,1045429,69
2015,Leyte,1724679,272
2015,Maguindanao,1173933,118
2015,Maguindanao del Norte,1124811,282
2015,Maguindanao del Sur,813243,164
2015,Marinduque,234521,246
2015,Masbate,892393,216
2015,Metro Manila,12877253,20785
2015,Misamis Occidental,602126,300
2015,Misamis Oriental,888509,284
2015,Mountain Province,154590,65
2015,Negros Occidental,3305264,415
2015,Negros Oriental,1492038,277
2015,Northern Samar,632379,171
2015,Nueva Ecija,2151461,378
2015,Nueva Vizcaya,452287,94
2015,Occidental Mindoro,487414,83
2015,Oriental Mindoro,844059,199
2015,Palawan,849469,58
2015,Pampanga,2198110,1098
2015,Pangasinan,2956726,542
2015,Quezon,1856582,212
2015,Quirino,188991,81
2015,Rizal,2884227,2439
2015,Romblon,292781,191
2015,Samar,780481,129
2015,Sarangani,544261,149
2015,Siquijor,95984,284
2015,Sorsogon,792949,374
2015,South Cotabato,915289,241
2015,Southern Leyte,421750,234
2015,Sultan Kudarat,812095,151
2015,Sulu,824731,181
2015,Surigao del Norte,485088,248
2015,Surigao del Sur,592250,120
2015,Tarlac,1366027,448
2015,Tawi-Tawi,390715,108
2015,Zambales,590848,163
2015,Zamboanga Sibugay,633129,182
2015,Zamboanga del Norte,1011393,139
2015,Zamboanga del Sur,1010674,225
2016,Abra,243125,58
2016,Agusan del Norte,361103,138
2016,Agusan del Sur,708396,71
2016,Aklan,582953,332
2016,Albay,1326814,516
2016,Antique,588204,215
2016,Apayao,120220,26
2016,Aurora,218619,69
2016,Basilan,362505,105
2016,Bataan,779195,568
2016,Batanes,17563,87
2016,Batangas,2737167,879
2016,Benguet,449116,162
2016,Biliran,173152,323
2016,Bohol,1329714,278
2016,Bukidnon,1440442,137
2016,Bulacan,3375435,1213
2016,Cagayan,1213177,129
2016,Camarines Norte,592590,260
2016,Camarines Sur,1975684,358
2016,Camiguin,89344,370
2016,Capiz,770098,296
2016,Catanduanes,263147,176
2016,Cavite,3811607,2497
2016,Cebu,3016263,610
2016,Cotabato,1401921,150
2016,Davao Occidental,316505,146
2016,Davao Oriental,562435,99
2016,Davao de Oro,783775,175
2016,Davao del Norte,1038077,303
2016,Davao del Sur,642167,296
2016,Dinagat Islands,127345,156
2016,Eastern Samar,469162,101
2016,Guimaras,177259,289
2016,Ifugao,203741,77
2016,Ilocos Norte,596382,174
2016,Ilocos Sur,692936,267
2016,Iloilo,1959518,392
2016,Isabela,1614263,124
2016,Kalinga,216058,66
2016,La Union,793793,530
2016,Laguna,3104503,1610
2016,Lanao del Norte,685696,205
2016,Lanao del Sur,1075447,71
2016,Leyte,1735113,274
2016,Maguindanao,1207582,121
2016,Maguindanao del Norte,1124811,282
2016,Maguindanao del Sur,813243,164
2016,Marinduque,235458,247
2016,Masbate,895698,217
2016,Metro Manila,12998695,20981
2016,Misamis Occidental,605167,302
2016,Misamis Oriental,902187,288
2016,Mountain Province,155312,65
2016,Negros Occidental,3305264,415
2016,Negros Oriental,1492038,277
2016,Northern Samar,633740,171
2016,Nueva Ecija,2183196,384
2016,Nueva Vizcaya,461316,96
2016,Occidental Mindoro,495002,84
2016,Oriental Mindoro,856915,202
2016,Palawan,867494,59
2016,Pampanga,2246030,1122
2016,Pangasinan,2998019,550
2016,Quezon,1875357,214
2016,Quirino,191958,82
2016,Rizal,2973410,2514
2016,Romblon,296022,193
2016,Samar,783021,129
2016,Sarangani,547198,150
2016,Siquijor,97466,288
2016,Sorsogon,800090,377
2016,South Cotabato,927326,244
2016,Southern Leyte,423315,235
2016,Sultan Kudarat,820486,153
2016,Sulu,859806,189
2016,Surigao del Norte,494998,253
2016,Surigao del Sur,602251,122
2016,Tarlac,1393513,457
2016,Tawi-Tawi,400627,111
2016,Zambales,602601,166
2016,Zamboanga Sibugay,640471,184
2016,Zamboanga del Norte,1018605,140
2016,Zamboanga del Sur,1018673,227
2017,Abra,245090,58
2017,Agusan del Norte,367703,141
2017,Agusan del Sur,716139,72
2017,Aklan,591084,336
2017,Albay,1338803,520
2017,Antique,594397,217
2017,Apayao,121257,27
2017,Aurora,222902,71
2017,Basilan,378430,109
2017,Bataan,797739,581
2017,Batanes,17880,88
2017,Batangas,2779999,893
2017,Benguet,452008,163
2017,Biliran,174692,326
2017,Bohol,1345868,282
2017,Bukidnon,1465659,140
2017,Bulacan,3458799,1243
2017,Cagayan,1227033,131
2017,Camarines Norte,601867,264
2017,Camarines Sur,1998824,362
2017,Camiguin,90210,373
2017,Capiz,778811,300
2017,Catanduanes,265330,178
2017,Cavite,3944912,2585
2017,Cebu,3093543,626
2017,Cotabato,1424095,153
2017,Davao Occidental,316669,146
2017,Davao Oriental,565912,99
2017,Davao de Oro,783775,175
2017,Davao del Norte,1059822,310
2017,Davao del Sur,651745,301
2017,Dinagat Islands,127538,156
2017,Eastern Samar,471163,102
2017,Guimaras,179905,294
2017,Ifugao,204680,78
2017,Ilocos Norte,599684,175
2017,Ilocos Sur,696204,268
2017,Iloilo,1982613,397
2017,Isabela,1634960,125
2017,Kalinga,219436,67
2017,La Union,800933,534
2017,Laguna,3173926,1646
2017,Lanao del Norte,694998,208
2017,Lanao del Sur,1105465,73
2017,Leyte,1745546,275
2017,Maguindanao,1241231,125
2017,Maguindanao del Norte,1124811,282
2017,Maguindanao del Sur,813243,164
2017,Marinduque,236395,248
2017,Masbate,899004,218
2017,Metro Manila,13120137,21177
2017,Misamis Occidental,608209,303
2017,Misamis Oriental,915865,293
2017,Mountain Province,156034,65
2017,Negros Occidental,3305264,415
2017,Negros Oriental,1492038,277
2017,Northern Samar,635102,172
2017,Nueva Ecija,2214930,389
2017,Nueva Vizcaya,470345,98
2017,Occidental Mindoro,502590,86
2017,Oriental Mindoro,869771,205
2017,Palawan,885519,60
2017,Pampanga,2293950,1146
2017,Pangasinan,3039312,557
2017,Quezon,1894133,216
2017,Quirino,194926,84
2017,Rizal,3062593,2590
2017,Romblon,299263,195
2017,Samar,785562,130
2017,Sarangani,550135,151
2017,Siquijor,98948,293
2017,Sorsogon,807231,381
2017,South Cotabato,939364,247
2017,Southern Leyte,424879,236
2017,Sultan Kudarat,828878,154
2017,Sulu,894882,197
2017,Surigao del Norte,504907,258
2017,Surigao del Sur,612252,124
2017,Tarlac,1420999,466
2017,Tawi-Tawi,410539,113
2017,Zambales,614355,169
2017,Zamboanga Sibugay,647813,186
2017,Zamboanga del Norte,1025818,141
2017,Zamboanga del Sur,1026672,229
2018,Abra,247055,59
2018,Agusan del Norte,374303,143
2018,Agusan del Sur,723881,72
2018,Aklan,599214,341
2018,Albay,1350791,525
2018,Antique,600589,220
2018,Apayao,122293,27
2018,Aurora,227184,72
2018,Basilan,394356,114
2018,Bataan,816284,595
2018,Batanes,18197,90
2018,Batangas,2822830,906
2018,Benguet,454899,164
2018,Biliran,176232,329
2018,Bohol,1362021,285
2018,Bukidnon,1490875,142
2018,Bulacan,3542162,1272
2018,Cagayan,1240890,132
2018,Camarines Norte,611145,268
2018,Camarines Sur,2021964,367
2018,Camiguin,91076,377
2018,Capiz,787525,303
2018,Catanduanes,267513,179
2018,Cavite,4078218,2672
2018,Cebu,3170824,641
2018,Cotabato,1446270,155
2018,Davao Occidental,316832,147
2018,Davao Oriental,569389,100
2018,Davao de Oro,783775,175
2018,Davao del Norte,1081567,316
2018,Davao del Sur,661324,305
2018,Dinagat Islands,127731,157
2018,Eastern Samar,473165,102
2018,Guimaras,182550,298
2018,Ifugao,205620,78
2018,Ilocos Norte,602985,176
2018,Ilocos Sur,699473,270
2018,Iloilo,2005709,401
2018,Isabela,1655656,127
2018,Kalinga,222814,68
2018,La Union,808072,539
2018,Laguna,3243348,1682
2018,Lanao del Norte,704299,210
2018,Lanao del Sur,1135482,75
2018,Leyte,1755980,277
2018,Maguindanao,1274881,128
2018,Maguindanao del Norte,1124811,282
2018,Maguindanao del Sur,813243,164
2018,Marinduque,237333,249
2018,Masbate,902309,218
2018,Metro Manila,13241578,21373
2018,Misamis Occidental,611250,305
2018,Misamis Oriental,929544,297
2018,Mountain Province,156756,66
2018,Negros Occidental,3305264,415
2018,Negros Oriental,1492038,277
2018,Northern Samar,636463,172
2018,Nueva Ecija,2246665,395
2018,Nueva Vizcaya,479374,99
2018,Occidental Mindoro,510178,87
2018,Oriental Mindoro,882627,208
2018,Palawan,903544,62
2018,Pampanga,2341869,1170
2018,Pangasinan,3080604,565
2018,Quezon,1912908,219
2018,Quirino,197893,85
2018,Rizal,3151777,2665
2018,Romblon,302503,197
2018,Samar,788102,130
2018,Sarangani,553072,151
2018,Siquijor,100431,297
2018,Sorsogon,814373,384
2018,South Cotabato,951401,251
2018,Southern Leyte,426444,236
2018,Sultan Kudarat,837269,156
2018,Sulu,929957,204
2018,Surigao del Norte,514817,264
2018,Surigao del Sur,622253,126
2018,Tarlac,1448484,476
2018,Tawi-Tawi,420452,116
2018,Zambales,626108,173
2018,Zamboanga Sibugay,655156,188
2018,Zamboanga del Norte,1033030,141
2018,Zamboanga del Sur,1034670,230
2019,Abra,249020,59
2019,Agusan del Norte,380903,146
2019,Agusan del Sur,731624,73
2019,Aklan,607345,345
2019,Albay,1362780,529
2019,Antique,606782,222
2019,Apayao,123330,28
2019,Aurora,231467,74
2019,Basilan,410281,118
2019,Bataan,834828,608
2019,Batanes,18514,91
2019,Batangas,2865662,920
2019,Benguet,457791,165
2019,Biliran,177772,332
2019,Bohol,1378175,289
2019,Bukidnon,1516092,145
2019,Bulacan,3625526,1302
2019,Cagayan,1254746,134
2019,Camarines Norte,620422,272
2019,Camarines Sur,2045104,371
2019,Camiguin,91942,380
2019,Capiz,796238,307
2019,Catanduanes,269696,181
2019,Cavite,4211523,2760
2019,Cebu,3248104,657
2019,Cotabato,1468444,158
2019,Davao Occidental,316996,147
2019,Davao Oriental,572866,100
2019,Davao de Oro,783775,175
2019,Davao del Norte,1103312,323
2019,Davao del Sur,670902,310
2019,Dinagat Islands,127924,157
2019,Eastern Samar,475166,103
2019,Guimaras,185196,303
2019,Ifugao,206559,79
2019,Ilocos Norte,606287,177
2019,Ilocos Sur,702741,271
2019,Iloilo,2028804,406
2019,Isabela,1676353,128
2019,Kalinga,226192,69
2019,La Union,815212,543
2019,Laguna,3312771,1718
2019,Lanao del Norte,713601,213
2019,Lanao del Sur,1165500,77
2019,Leyte,1766413,278
2019,Maguindanao,1308530,132
2019,Maguindanao del Norte,1124811,282
2019,Maguindanao del Sur,813243,164
2019,Marinduque,238270,250
2019,Masbate,905615,219
2019,Metro Manila,13363020,21569
2019,Misamis Occidental,614292,306
2019,Misamis Oriental,943222,302
2019,Mountain Province,157478,66
2019,Negros Occidental,3305264,415
2019,Negros Oriental,1492038,277
2019,Northern Samar,637825,173
2019,Nueva Ecija,2278399,400
2019,Nueva Vizcaya,488403,101
2019,Occidental Mindoro,517766,89
2019,Oriental Mindoro,895483,211
2019,Palawan,921569,63
2019,Pampanga,2389789,1194
2019,Pangasinan,3121897,572
2019,Quezon,1931684,221
2019,Quirino,200861,87
2019,Rizal,3240960,2741
2019,Romblon,305744,199
2019,Samar,790643,131
2019,Sarangani,556009,152
2019,Siquijor,101913,302
2019,Sorsogon,821514,388
2019,South Cotabato,963439,254
2019,Southern Leyte,428008,237
2019,Sultan Kudarat,845661,157
2019,Sulu,965033,212
2019,Surigao del Norte,524726,269
2019,Surigao del Sur,632254,128
2019,Tarlac,1475970,485
2019,Tawi-Tawi,430364,118
2019,Zambales,637862,176
2019,Zamboanga Sibugay,662498,190
2019,Zamboanga del Norte,1040243,142
2019,Zamboanga del Sur,1042669,232
2020,Abra,250985,60
2020,Agusan del Norte,387503,148
2020,Agusan del Sur,739367,74
2020,Aklan,615475,350
2020,Albay,1374768,534
2020,Antique,612974,224
2020,Apayao,124366,28
2020,Aurora,235750,75
2020,Basilan,426207,123
2020,Bataan,853373,622
2020,Batanes,18831,93
2020,Batangas,2908494,934
2020,Benguet,460683,166
2020,Biliran,179312,335
2020,Bohol,1394329,292
2020,Bukidnon,1541308,147
2020,Bulacan,3708890,1332
2020,Cagayan,1268603,135
2020,Camarines Norte,629699,276
2020,Camarines Sur,2068244,375
2020,Camiguin,92808,384
2020,Capiz,804952,310
2020,Catanduanes,271879,182
2020,Cavite,4344829,2847
2020,Cebu,3325385,673
2020,Cotabato,1490618,160
2020,Davao Occidental,317159,147
2020,Davao Oriental,576343,101
2020,Davao de Oro,783775,175
2020,Davao del Norte,1125057,329
2020,Davao del Sur,680481,314
2020,Dinagat Islands,128117,157
2020,Eastern Samar,477168,103
2020,Guimaras,187842,307
2020,Ifugao,207498,79
2020,Ilocos Norte,609588,178
2020,Ilocos Sur,706009,272
2020,Iloilo,2051899,411
2020,Isabela,1697050,130
2020,Kalinga,229570,70
2020,La Union,822352,548
2020,Laguna,3382193,1754
2020,Lanao del Norte,722902,216
2020,Lanao del Sur,1195518,79
2020,Leyte,1776847,280
2020,Maguindanao,1342179,135
2020,Maguindanao del Norte,1124811,282
2020,Maguindanao del Sur,813243,164
2020,Marinduque,239207,251
2020,Masbate,908920,220
2020,Metro Manila,13484462,21765
2020,Misamis Occidental,617333,308
2020,Misamis Oriental,956900,306
2020,Mountain Province,158200,66
2020,Negros Occidental,3305264,415
2020,Negros Oriental,1492038,277
2020,Northern Samar,639186,173
2020,Nueva Ecija,2310134,406
2020,Nueva Vizcaya,497432,103
2020,Occidental Mindoro,525354,90
2020,Oriental Mindoro,908339,214
2020,Palawan,939594,64
2020,Pampanga,2437709,1218
2020,Pangasinan,3163190,580
2020,Quezon,1950459,223
2020,Quirino,203828,88
2020,Rizal,3330143,2816
2020,Romblon,308985,201
2020,Samar,793183,131
2020,Sarangani,558946,153
2020,Siquijor,103395,306
2020,Sorsogon,828655,391
2020,South Cotabato,975476,257
2020,Southern Leyte,429573,238
2020,Sultan Kudarat,854052,159
2020,Sulu,1000108,220
2020,Surigao del Norte,534636,274
2020,Surigao del Sur,642255,130
2020,Tarlac,1503456,494
2020,Tawi-Tawi,440276,121
2020,Zambales,649615,179
2020,Zamboanga Sibugay,669840,192
2020,Zamboanga del Norte,1047455,143
2020,Zamboanga del Sur,1050668,234
2021,Abra,249976,60
2021,Agusan del Norte,488035,167
2021,Agusan del Sur,739658,74
2021,Aklan,620212,350
2021,Albay,1375926,534
2021,Antique,620524,227
2021,Apayao,124921,28
2021,Aurora,237018,76
2021,Basilan,492966,223
2021,Bataan,862890,629
2021,Batanes,18858,91
2021,Batangas,2930069,940
2021,Benguet,555916,199
2021,Biliran,180508,337
2021,Bohol,1398928,292
2021,Bukidnon,1556456,148
2021,Bulacan,3750869,1346
2021,Cagayan,1272621,136
2021,Camarines Norte,623441,272
2021,Camarines Sur,2067012,375
2021,Camiguin,93329,388
2021,Capiz,812488,313
2021,Catanduanes,269202,180
2021,Cavite,4402093,2862
2021,Cebu,3801076,750
2021,Cotabato,1439499,156
2021,Davao Occidental,317269,147
2021,Davao Oriental,579768,101
2021,Davao de Oro,783775,175
2021,Davao del Norte,1129776,330
2021,Davao del Sur,1148880,374
2021,Dinagat Islands,126221,147
2021,Eastern Samar,476047,102
2021,Guimaras,189100,310
2021,Ifugao,207790,79
2021,Ilocos Norte,611904,178
2021,Ilocos Sur,707004,272
2021,Iloilo,2178010,434
2021,Isabela,1706050,132
2021,Kalinga,231025,71
2021,La Union,823032,549
2021,Laguna,3458481,1796
2021,Lanao del Norte,824641,230
2021,Lanao del Sur,1238673,148
2021,Leyte,1853338,290
2021,Maguindanao,1342179,135
2021,Maguindanao del Norte,1124811,282
2021,Maguindanao del Sur,813243,164
2021,Marinduque,236036,248
2021,Masbate,909393,220
2021,Metro Manila,13613784,21828
2021,Misamis Occidental,618498,307
2021,Misamis Oriental,1150096,352
2021,Mountain Province,156094,67
2021,Negros Occidental,3305264,415
2021,Negros Oriental,1492038,277
2021,Northern Samar,640837,174
2021,Nueva Ecija,2331554,409
2021,Nueva Vizcaya,505600,110
2021,Occidental Mindoro,521870,89
2021,Oriental Mindoro,911130,215
2021,Palawan,1025990,67
2021,Pampanga,2595756,1286
2021,Pangasinan,3169528,581
2021,Quezon,2028012,230
2021,Quirino,205581,89
2021,Rizal,3351742,2828
2021,Romblon,308985,201
2021,Samar,793183,131
2021,Sarangani,558946,154
2021,Siquijor,103395,306
2021,Sorsogon,828655,391
2021,South Cotabato,1149805,287
2021,Southern Leyte,429573,238
2021,Sultan Kudarat,854052,160
2021,Sulu,1000108,321
2021,Surigao del Norte,534636,273
2021,Surigao del Sur,642255,130
2021,Tarlac,1503456,494
2021,Tawi-Tawi,440276,192
2021,Zambales,714694,194
2021,Zamboanga Sibugay,669840,190
2021,Zamboanga del Norte,1047455,143
2021,Zamboanga del Sur,1294976,261
2022,Abra,248966,60
2022,Agusan del Norte,588566,186
2022,Agusan del Sur,739949,74
2022,Aklan,624948,349
2022,Albay,1377083,535
2022,Antique,628074,230
2022,Apayao,125476,28
2022,Aurora,238287,76
2022,Basilan,559726,322
2022,Bataan,872406,636
2022,Batanes,18884,90
2022,Batangas,2951644,947
2022,Benguet,651150,232
2022,Biliran,181704,339
2022,Bohol,1403528,292
2022,Bukidnon,1571605,150
2022,Bulacan,3792848,1360
2022,Cagayan,1276640,136
2022,Camarines Norte,617182,268
2022,Camarines Sur,2065779,375
2022,Camiguin,93850,392
2022,Capiz,820025,316
2022,Catanduanes,266524,178
2022,Cavite,4459356,2876
2022,Cebu,4276767,826
2022,Cotabato,1388380,151
2022,Davao Occidental,317378,147
2022,Davao Oriental,583192,101
2022,Davao de Oro,783775,175
2022,Davao del Norte,1134494,332
2022,Davao del Sur,1617278,434
2022,Dinagat Islands,124325,136
2022,Eastern Samar,474926,102
2022,Guimaras,190358,313
2022,Ifugao,208083,79
2022,Ilocos Norte,614219,178
2022,Ilocos Sur,708000,272
2022,Iloilo,2304122,457
2022,Isabela,1715049,135
2022,Kalinga,232480,72
2022,La Union,823712,550
2022,Laguna,3534769,1838
2022,Lanao del Norte,926380,244
2022,Lanao del Sur,1281828,216
2022,Leyte,1929829,300
2022,Maguindanao,1342179,135
2022,Maguindanao del Norte,1124811,282
2022,Maguindanao del Sur,813243,164
2022,Marinduque,232864,244
2022,Masbate,909866,220
2022,Metro Manila,13743106,21890
2022,Misamis Occidental,619663,306
2022,Misamis Oriental,1343291,397
2022,Mountain Province,153988,68
2022,Negros Occidental,3305264,415
2022,Negros Oriental,1492038,277
2022,Northern Samar,642488,174
2022,Nueva Ecija,2352975,412
2022,Nueva Vizcaya,513769,118
2022,Occidental Mindoro,518386,88
2022,Oriental Mindoro,913922,216
2022,Palawan,1112386,70
2022,Pampanga,2753804,1353
2022,Pangasinan,3175865,582
2022,Quezon,2105564,236
2022,Quirino,207334,90
2022,Rizal,3373342,2841
2022,Romblon,308985,201
2022,Samar,793183,131
2022,Sarangani,558946,154
2022,Siquijor,103395,306
2022,Sorsogon,828655,391
2022,South Cotabato,1324134,318
2022,Southern Leyte,429573,238
2022,Sultan Kudarat,854052,160
2022,Sulu,1000108,422
2022,Surigao del Norte,534636,272
2022,Surigao del Sur,642255,130
2022,Tarlac,1503456,493
2022,Tawi-Tawi,440276,263
2022,Zambales,779774,208
2022,Zamboanga Sibugay,669840,189
2022,Zamboanga del Norte,1047455,143
2022,Zamboanga del Sur,1539285,288
2023,Abra,247957,59
2023,Agusan del Norte,689098,204
2023,Agusan del Sur,740240,74
2023,Aklan,629685,348
2023,Albay,1378240,536
2023,Antique,635623,233
2023,Apayao,126032,29
2023,Aurora,239556,76
2023,Basilan,626485,422
2023,Bataan,881923,642
2023,Batanes,18910,88
2023,Batangas,2973220,954
2023,Benguet,746383,265
2023,Biliran,182899,341
2023,Bohol,1408127,293
2023,Bukidnon,1586754,152
2023,Bulacan,3834827,1373
2023,Cagayan,1280658,137
2023,Camarines Norte,610924,265
2023,Camarines Sur,2064546,375
2023,Camiguin,94371,395
2023,Capiz,827562,319
2023,Catanduanes,263846,177
2023,Cavite,4516620,2891
2023,Cebu,4752458,902
2023,Cotabato,1337261,146
2023,Davao Occidental,317488,147
2023,Davao Oriental,586617,101
2023,Davao de Oro,783775,175
2023,Davao del Norte,1139212,333
2023,Davao del Sur,2085677,494
2023,Dinagat Islands,122429,126
2023,Eastern Samar,473804,102
2023,Guimaras,191616,316
2023,Ifugao,208376,79
2023,Ilocos Norte,616534,178
2023,Ilocos Sur,708996,273
2023,Iloilo,2430233,480
2023,Isabela,1724048,138
2023,Kalinga,233936,72
2023,La Union,824392,550
2023,Laguna,3611057,1881
2023,Lanao del Norte,1028118,258
2023,Lanao del Sur,1324982,284
2023,Leyte,2006320,310
2023,Maguindanao,1342179,135
2023,Maguindanao del Norte,1124811,282
2023,Maguindanao del Sur,813243,164
2023,Marinduque,229693,241
2023,Masbate,910340,219
2023,Metro Manila,13872429,21952
2023,Misamis Occidental,620828,304
2023,Misamis Oriental,1536486,442
2023,Mountain Province,151881,68
2023,Negros Occidental,3305264,415
2023,Negros Oriental,1492038,277
2023,Northern Samar,644138,174
2023,Nueva Ecija,2374396,414
2023,Nueva Vizcaya,521938,126
2023,Occidental Mindoro,514901,88
2023,Oriental Mindoro,916713,216
2023,Palawan,1198783,72
2023,Pampanga,2911851,1420
2023,Pangasinan,3182202,584
2023,Quezon,2183116,242
2023,Quirino,209088,90
2023,Rizal,3394942,2854
2023,Romblon,308985,201
2023,Samar,793183,131
2023,Sarangani,558946,154
2023,Siquijor,103395,306
2023,Sorsogon,828655,391
2023,South Cotabato,1498462,348
2023,Southern Leyte,429573,239
2023,Sultan Kudarat,854052,160
2023,Sulu,1000108,524
2023,Surigao del Norte,534636,272
2023,Surigao del Sur,642255,130
2023,Tarlac,1503456,492
2023,Tawi-Tawi,440276,334
2023,Zambales,844853,223
2023,Zamboanga Sibugay,669840,188
2023,Zamboanga del Norte,1047455,143
2023,Zamboanga del Sur,1783594,316
2024,Abra,246948,59
2024,Agusan del Norte,789630,223
2024,Agusan del Sur,740531,74
2024,Aklan,634422,348
2024,Albay,1379398,536
2024,Antique,643173,236
2024,Apayao,126587,29
2024,Aurora,240824,77
2024,Basilan,693244,522
2024,Bataan,891440,649
2024,Batanes,18937,86
2024,Batangas,2994795,960
2024,Benguet,841616,298
2024,Biliran,184095,343
2024,Bohol,1412726,293
2024,Bukidnon,1601902,153
2024,Bulacan,3876806,1387
2024,Cagayan,1284676,138
2024,Camarines Norte,604666,261
2024,Camarines Sur,2063314,375
2024,Camiguin,94892,399
2024,Capiz,835098,322
2024,Catanduanes,261169,175
2024,Cavite,4573884,2906
2024,Cebu,5228149,979
2024,Cotabato,1286142,142
2024,Davao Occidental,317598,147
2024,Davao Oriental,590042,101
2024,Davao de Oro,783775,175
2024,Davao del Norte,1143931,334
2024,Davao del Sur,2554076,554
2024,Dinagat Islands,120533,116
2024,Eastern Samar,472683,101
2024,Guimaras,192874,319
2024,Ifugao,208668,79
2024,Ilocos Norte,618850,178
2024,Ilocos Sur,709991,273
2024,Iloilo,2556344,503
2024,Isabela,1733048,140
2024,Kalinga,235391,73
2024,La Union,825072,551
2024,Laguna,3687345,1923
2024,Lanao del Norte,1129857,272
2024,Lanao del Sur,1368137,353
2024,Leyte,2082811,320
2024,Maguindanao,1342179,135
2024,Maguindanao del Norte,1124811,282
2024,Maguindanao del Sur,813243,164
2024,Marinduque,226522,238
2024,Masbate,910813,219
2024,Metro Manila,14001751,22015
2024,Misamis Occidental,621993,303
2024,Misamis Oriental,1729682,488
2024,Mountain Province,149775,69
2024,Negros Occidental,3305264,415
2024,Negros Oriental,1492038,277
2024,Northern Samar,645789,175
2024,Nueva Ecija,2395816,417
2024,Nueva Vizcaya,530106,133
2024,Occidental Mindoro,511417,87
2024,Oriental Mindoro,919504,217
2024,Palawan,1285179,75
2024,Pampanga,3069898,1488
2024,Pangasinan,3188540,585
2024,Quezon,2260669,249
2024,Quirino,210841,91
2024,Rizal,3416541,2866
2024,Romblon,308985,201
2024,Samar,793183,131
2024,Sarangani,558946,155
2024,Siquijor,103395,306
2024,Sorsogon,828655,391
2024,South Cotabato,1672791,378
2024,Southern Leyte,429573,239
2024,Sultan Kudarat,854052,161
2024,Sulu,1000108,625
2024,Surigao del Norte,534636,271
2024,Surigao del Sur,642255,130
2024,Tarlac,1503456,492
2024,Tawi-Tawi,440276,405
2024,Zambales,909932,238
2024,Zamboanga Sibugay,669840,186
2024,Zamboanga del Norte,1047455,143
2024,Zamboanga del Sur,2027902,343
2025,Abra,246948,59
2025,Agusan del Norte,789630,223
2025,Agusan del Sur,740531,74
2025,Aklan,634422,348
2025,Albay,1379398,536
2025,Antique,643173,236
2025,Apayao,126587,29
2025,Aurora,240824,77
2025,Basilan,693244,522
2025,Bataan,891440,649
2025,Batanes,18937,86
2025,Batangas,2994795,960
2025,Benguet,841616,298
2025,Biliran,184095,343
2025,Bohol,1412726,293
2025,Bukidnon,1601902,153
2025,Bulacan,3876806,1387
2025,Cagayan,1284676,138
2025,Camarines Norte,604666,261
2025,Camarines Sur,2063314,375
2025,Camiguin,94892,399
2025,Capiz,835098,322
2025,Catanduanes,261169,175
2025,Cavite,4573884,2906
2025,Cebu,5228149,979
2025,Cotabato,1286142,142
2025,Davao Occidental,317598,147
2025,Davao Oriental,590042,101
2025,Davao de Oro,783775,175
2025,Davao del Norte,1143931,334
2025,Davao del Sur,2554076,554
2025,Dinagat Islands,120533,116
2025,Eastern Samar,472683,101
2025,Guimaras,192874,319
2025,Ifugao,208668,79
2025,Ilocos Norte,618850,178
2025,Ilocos Sur,709991,273
2025,Iloilo,2556344,503
2025,Isabela,1733048,140
2025,Kalinga,235391,73
2025,La Union,825072,551
2025,Laguna,3687345,1923
2025,Lanao del Norte,1129857,272
2025,Lanao del Sur,1368137,353
2025,Leyte,2082811,320
2025,Maguindanao,1342179,135
2025,Maguindanao del Norte,1124811,282
2025,Maguindanao del Sur,813243,164
2025,Marinduque,226522,238
2025,Masbate,910813,219
2025,Metro Manila,14001751,22015
2025,Misamis Occidental,621993,303
2025,Misamis Oriental,1729682,488
2025,Mountain Province,149775,69
2025,Negros Occidental,3305264,415
2025,Negros Oriental,1492038,277
2025,Northern Samar,645789,175
2025,Nueva Ecija,2395816,417
2025,Nueva Vizcaya,530106,133
2025,Occidental Mindoro,511417,87
2025,Oriental Mindoro,919504,217
2025,Palawan,1285179,75
2025,Pampanga,3069898,1488
2025,Pangasinan,3188540,585
2025,Quezon,2260669,249
2025,Quirino,210841,91
2025,Rizal,3416541,2866
2025,Romblon,308985,201
2025,Samar,793183,131
2025,Sarangani,558946,155
2025,Siquijor,103395,306
2025,Sorsogon,828655,391
2025,South Cotabato,1672791,378
2025,Southern Leyte,429573,239
2025,Sultan Kudarat,854052,161
2025,Sulu,1000108,625
2025,Surigao del Norte,534636,271
2025,Surigao del Sur,642255,130
2025,Tarlac,1503456,492
2025,Tawi-Tawi,440276,405
2025,Zambales,909932,238
2025,Zamboanga Sibugay,669840,186
2025,Zamboanga del Norte,1047455,143
2025,Zamboanga del Sur,2027902,343
