Timestamp,Province,Distance_KM,Bearing_Degrees,Direction
2023-04-11 08:00:00,Abra,782.34,122.8,ESE
2023-04-11 11:00:00,Abra,731.8,124.48,SE
2023-04-11 14:00:00,Abra,673.44,126.95,SE
2023-04-11 17:00:00,Abra,623.85,130.64,SE
2023-04-11 20:00:00,Abra,592.65,134.93,SE
2023-04-11 23:00:00,Abra,570.6,137.27,SE
2023-04-12 02:00:00,Abra,571.9,138.82,SE
2023-04-12 05:00:00,Abra,560.34,142.09,SE
2023-04-12 08:00:00,Abra,538.54,143.21,SE
2023-04-12 11:00:00,Abra,526.13,145.12,SE
2023-04-12 14:00:00,Abra,510.87,145.42,SE
2023-04-12 17:00:00,Abra,495.63,145.74,SE
2023-04-12 20:00:00,Abra,474.58,147.17,SSE
2023-04-12 23:00:00,Abra,463.44,149.43,SSE
2023-04-13 02:00:00,Abra,438.2,152.37,SSE
2023-04-13 05:00:00,Abra,424.41,156.27,SSE
2023-04-13 08:00:00,Abra,398.66,161.33,SSE
2023-04-13 11:00:00,Abra,368.12,165.02,SSE
2023-04-13 14:00:00,Abra,339.35,169.34,S
2023-04-11 08:00:00,Agusan del Norte,543.35,13.47,NNE
2023-04-11 11:00:00,Agusan del Norte,544.22,7.65,N
2023-04-11 14:00:00,Agusan del Norte,550.47,0.79,N
2023-04-11 17:00:00,Agusan del Norte,553.44,354.06,N
2023-04-11 20:00:00,Agusan del Norte,550.85,348.34,NNW
2023-04-11 23:00:00,Agusan del Norte,558.43,345.08,NNW
2023-04-12 02:00:00,Agusan del Norte,550.69,343.69,NNW
2023-04-12 05:00:00,Agusan del Norte,550.38,340.12,NNW
2023-04-12 08:00:00,Agusan del Norte,568.53,338.46,NNW
2023-04-12 11:00:00,Agusan del Norte,576.95,336.47,NNW
2023-04-12 14:00:00,Agusan del Norte,591.52,335.95,NNW
2023-04-12 17:00:00,Agusan del Norte,606.14,335.45,NNW
2023-04-12 20:00:00,Agusan del Norte,625.52,334.09,NNW
2023-04-12 23:00:00,Agusan del Norte,635.42,332.35,NNW
2023-04-13 02:00:00,Agusan del Norte,660.93,330.33,NNW
2023-04-13 05:00:00,Agusan del Norte,677.84,327.96,NNW
2023-04-13 08:00:00,Agusan del Norte,711.17,325.52,NW
2023-04-13 11:00:00,Agusan del Norte,748.11,324.48,NW
2023-04-13 14:00:00,Agusan del Norte,785.27,323.54,NW
2023-04-11 08:00:00,Agusan del Sur,573.49,8.49,N
2023-04-11 11:00:00,Agusan del Sur,579.04,3.03,N
2023-04-11 14:00:00,Agusan del Sur,590.35,356.67,N
2023-04-11 17:00:00,Agusan del Sur,597.75,350.45,N
2023-04-11 20:00:00,Agusan del Sur,598.5,345.17,NNW
2023-04-11 23:00:00,Agusan del Sur,607.77,342.21,NNW
2023-04-12 02:00:00,Agusan del Sur,600.72,340.9,NNW
2023-04-12 05:00:00,Agusan del Sur,602.02,337.63,NNW
2023-04-12 08:00:00,Agusan del Sur,620.84,336.19,NNW
2023-04-12 11:00:00,Agusan del Sur,630.03,334.4,NNW
2023-04-12 14:00:00,Agusan del Sur,644.79,333.97,NNW
2023-04-12 17:00:00,Agusan del Sur,659.58,333.56,NNW
2023-04-12 20:00:00,Agusan del Sur,679.43,332.36,NNW
2023-04-12 23:00:00,Agusan del Sur,689.9,330.78,NNW
2023-04-13 02:00:00,Agusan del Sur,716.01,328.97,NNW
2023-04-13 05:00:00,Agusan del Sur,733.54,326.82,NNW
2023-04-13 08:00:00,Agusan del Sur,767.43,324.61,NW
2023-04-13 11:00:00,Agusan del Sur,804.58,323.68,NW
2023-04-13 14:00:00,Agusan del Sur,841.92,322.85,NW
2023-04-11 08:00:00,Aklan,519.95,64.21,ENE
2023-04-11 11:00:00,Aklan,476.77,60.26,ENE
2023-04-11 14:00:00,Aklan,427.45,54.74,NE
2023-04-11 17:00:00,Aklan,375.95,49.12,NE
2023-04-11 20:00:00,Aklan,328.68,44.5,NE
2023-04-11 23:00:00,Aklan,306.66,40.21,NE
2023-04-12 02:00:00,Aklan,291.19,40.02,NE
2023-04-12 05:00:00,Aklan,262.31,36.2,NE
2023-04-12 08:00:00,Aklan,259.51,30.89,NNE
2023-04-12 11:00:00,Aklan,249.02,26.63,NNE
2023-04-12 14:00:00,Aklan,254.49,23.33,NNE
2023-04-12 17:00:00,Aklan,260.77,20.17,NNE
2023-04-12 20:00:00,Aklan,264.79,14.95,NNE
2023-04-12 23:00:00,Aklan,260.02,10.35,N
2023-04-13 02:00:00,Aklan,267.26,3.08,N
2023-04-13 05:00:00,Aklan,267.48,356.14,N
2023-04-13 08:00:00,Aklan,284.7,347.6,NNW
2023-04-13 11:00:00,Aklan,314.57,342.73,NNW
2023-04-13 14:00:00,Aklan,346.33,338.73,NNW
2023-04-11 08:00:00,Albay,327.43,78.5,ENE
2023-04-11 11:00:00,Albay,277.29,74.13,ENE
2023-04-11 14:00:00,Albay,219.56,66.83,ENE
2023-04-11 17:00:00,Albay,161.81,57.91,ENE
2023-04-11 20:00:00,Albay,111.73,48.09,NE
2023-04-11 23:00:00,Albay,90.19,34.25,NE
2023-04-12 02:00:00,Albay,74.96,32.23,NNE
2023-04-12 05:00:00,Albay,52.81,8.24,N
2023-04-12 08:00:00,Albay,64.92,347.51,NNW
2023-04-12 11:00:00,Albay,72.74,330.65,NNW
2023-04-12 14:00:00,Albay,87.82,328.08,NNW
2023-04-12 17:00:00,Albay,103.03,326.27,NNW
2023-04-12 20:00:00,Albay,124.84,320.88,NW
2023-04-12 23:00:00,Albay,139.51,314.01,NW
2023-04-13 02:00:00,Albay,171.18,309.2,NW
2023-04-13 05:00:00,Albay,197.41,303.3,WNW
2023-04-13 08:00:00,Albay,240.08,299.93,WNW
2023-04-13 11:00:00,Albay,279.19,300.65,WNW
2023-04-13 14:00:00,Albay,318.29,301.2,WNW
2023-04-11 08:00:00,Antique,611.55,57.08,ENE
2023-04-11 11:00:00,Antique,572.88,53.27,NE
2023-04-11 14:00:00,Antique,529.01,48.17,NE
2023-04-11 17:00:00,Antique,482.11,43.09,NE
2023-04-11 20:00:00,Antique,437.91,38.98,NE
2023-04-11 23:00:00,Antique,418.05,35.55,NE
2023-04-12 02:00:00,Antique,402.71,35.24,NE
2023-04-12 05:00:00,Antique,375.31,32.21,NNE
2023-04-12 08:00:00,Antique,373.82,28.49,NNE
2023-04-12 11:00:00,Antique,363.9,25.51,NNE
2023-04-12 14:00:00,Antique,369.5,23.25,NNE
2023-04-12 17:00:00,Antique,375.66,21.06,NNE
2023-04-12 20:00:00,Antique,378.95,17.4,NNE
2023-04-12 23:00:00,Antique,372.99,14.24,NNE
2023-04-13 02:00:00,Antique,377.26,9.05,N
2023-04-13 05:00:00,Antique,373.49,4.14,N
2023-04-13 08:00:00,Antique,383.97,357.58,N
2023-04-13 11:00:00,Antique,408.79,353.19,N
2023-04-13 14:00:00,Antique,435.76,349.32,N
2023-04-11 08:00:00,Apayao,733.19,127.68,SE
2023-04-11 11:00:00,Apayao,684.73,129.82,SE
2023-04-11 14:00:00,Apayao,629.51,132.93,SE
2023-04-11 17:00:00,Apayao,584.67,137.35,SE
2023-04-11 20:00:00,Apayao,559.1,142.25,SE
2023-04-11 23:00:00,Apayao,540.26,145.01,SE
2023-04-12 02:00:00,Apayao,543.59,146.61,SSE
2023-04-12 05:00:00,Apayao,536.48,150.17,SSE
2023-04-12 08:00:00,Apayao,516.41,151.66,SSE
2023-04-12 11:00:00,Apayao,506.71,153.83,SSE
2023-04-12 14:00:00,Apayao,492.03,154.4,SSE
2023-04-12 17:00:00,Apayao,477.41,155.01,SSE
2023-04-12 20:00:00,Apayao,458.59,156.89,SSE
2023-04-12 23:00:00,Apayao,450.71,159.43,SSE
2023-04-13 02:00:00,Apayao,429.92,162.97,SSE
2023-04-13 05:00:00,Apayao,421.73,167.18,SSE
2023-04-13 08:00:00,Apayao,403.4,172.83,S
2023-04-13 11:00:00,Apayao,378.48,177.27,S
2023-04-13 14:00:00,Apayao,356.11,182.3,S
2023-04-11 08:00:00,Aurora,597.89,111.94,ESE
2023-04-11 11:00:00,Aurora,543.98,113.1,ESE
2023-04-11 14:00:00,Aurora,480.62,115.06,ESE
2023-04-11 17:00:00,Aurora,423.38,118.91,ESE
2023-04-11 20:00:00,Aurora,383.75,124.36,SE
2023-04-11 23:00:00,Aurora,357.72,127.35,SE
2023-04-12 02:00:00,Aurora,356.39,129.83,SE
2023-04-12 05:00:00,Aurora,340.21,134.8,SE
2023-04-12 08:00:00,Aurora,317.2,136.17,SE
2023-04-12 11:00:00,Aurora,302.78,139.15,SE
2023-04-12 14:00:00,Aurora,287.32,139.35,SE
2023-04-12 17:00:00,Aurora,271.86,139.57,SE
2023-04-12 20:00:00,Aurora,249.63,141.73,SE
2023-04-12 23:00:00,Aurora,236.98,145.84,SE
2023-04-13 02:00:00,Aurora,210.73,151.47,SSE
2023-04-13 05:00:00,Aurora,197.44,159.77,SSE
2023-04-13 08:00:00,Aurora,176.03,171.8,S
2023-04-13 11:00:00,Aurora,152.17,182.72,S
2023-04-13 14:00:00,Aurora,135.61,196.93,SSW
2023-04-11 08:00:00,Basilan,934.58,33.24,NNE
2023-04-11 11:00:00,Basilan,914.99,30.03,NNE
2023-04-11 14:00:00,Basilan,893.56,26.08,NNE
2023-04-11 17:00:00,Basilan,866.43,22.24,NNE
2023-04-11 20:00:00,Basilan,836.55,19.11,NNE
2023-04-11 23:00:00,Basilan,826.28,16.99,NNE
2023-04-12 02:00:00,Basilan,812.47,16.49,NNE
2023-04-12 05:00:00,Basilan,792.93,14.48,NNE
2023-04-12 08:00:00,Basilan,798.52,12.77,NNE
2023-04-12 11:00:00,Basilan,793.92,11.25,N
2023-04-12 14:00:00,Basilan,802.77,10.33,N
2023-04-12 17:00:00,Basilan,811.82,9.44,N
2023-04-12 20:00:00,Basilan,819.49,7.81,N
2023-04-12 23:00:00,Basilan,816.78,6.31,N
2023-04-13 02:00:00,Basilan,824.88,3.98,N
2023-04-13 05:00:00,Basilan,823.23,1.73,N
2023-04-13 08:00:00,Basilan,834.17,358.74,N
2023-04-13 11:00:00,Basilan,857.74,356.61,N
2023-04-13 14:00:00,Basilan,882.45,354.6,N
2023-04-11 08:00:00,Bataan,672.81,98.56,E
2023-04-11 11:00:00,Bataan,617.7,98.41,E
2023-04-11 14:00:00,Bataan,551.97,98.41,E
2023-04-11 17:00:00,Bataan,488.23,99.68,E
2023-04-11 20:00:00,Bataan,437.76,102.42,ESE
2023-04-11 23:00:00,Bataan,406.31,103.48,ESE
2023-04-12 02:00:00,Bataan,398.83,105.41,ESE
2023-04-12 05:00:00,Bataan,371.35,108.46,ESE
2023-04-12 08:00:00,Bataan,347.3,107.91,ESE
2023-04-12 11:00:00,Bataan,326.9,109.12,ESE
2023-04-12 14:00:00,Bataan,313.04,107.87,ESE
2023-04-12 17:00:00,Bataan,299.35,106.51,ESE
2023-04-12 20:00:00,Bataan,275.49,105.62,ESE
2023-04-12 23:00:00,Bataan,254.84,106.98,ESE
2023-04-13 02:00:00,Bataan,220.63,106.75,ESE
2023-04-13 05:00:00,Bataan,189.97,109.64,ESE
2023-04-13 08:00:00,Bataan,145.7,111.33,ESE
2023-04-13 11:00:00,Bataan,107.81,106.66,ESE
2023-04-13 14:00:00,Bataan,71.45,97.07,E
2023-04-11 08:00:00,Batanes,903.16,145.46,SE
2023-04-11 11:00:00,Batanes,865.15,148.05,SSE
2023-04-11 14:00:00,Batanes,823.97,151.54,SSE
2023-04-11 17:00:00,Batanes,796.17,155.69,SSE
2023-04-11 20:00:00,Batanes,786.71,159.63,SSE
2023-04-11 23:00:00,Batanes,776.41,161.89,SSE
2023-04-12 02:00:00,Batanes,783.89,162.89,SSE
2023-04-12 05:00:00,Batanes,786.08,165.39,SSE
2023-04-12 08:00:00,Batanes,770.24,166.75,SSE
2023-04-12 11:00:00,Batanes,765.75,168.33,SSE
2023-04-12 14:00:00,Batanes,752.78,168.98,S
2023-04-12 17:00:00,Batanes,739.91,169.64,S
2023-04-12 20:00:00,Batanes,725.46,171.17,S
2023-04-12 23:00:00,Batanes,722.56,172.86,S
2023-04-13 02:00:00,Batanes,708.29,175.36,S
2023-04-13 05:00:00,Batanes,706.47,177.98,S
2023-04-13 08:00:00,Batanes,695.17,181.51,S
2023-04-13 11:00:00,Batanes,674.54,184.31,S
2023-04-13 14:00:00,Batanes,655.55,187.27,S
2023-04-11 08:00:00,Batangas,610.32,89.85,E
2023-04-11 11:00:00,Batangas,556.2,88.81,E
2023-04-11 14:00:00,Batangas,491.56,87.51,E
2023-04-11 17:00:00,Batangas,426.82,87.29,E
2023-04-11 20:00:00,Batangas,372.63,88.73,E
2023-04-11 23:00:00,Batangas,340.23,88.69,E
2023-04-12 02:00:00,Batangas,329.51,90.6,E
2023-04-12 05:00:00,Batangas,297.58,92.89,E
2023-04-12 08:00:00,Batangas,275.51,90.85,E
2023-04-12 11:00:00,Batangas,253.91,90.98,E
2023-04-12 14:00:00,Batangas,243.06,88.42,E
2023-04-12 17:00:00,Batangas,232.74,85.63,E
2023-04-12 20:00:00,Batangas,212.33,82.24,E
2023-04-12 23:00:00,Batangas,190.95,81.42,E
2023-04-13 02:00:00,Batangas,161.26,75.86,ENE
2023-04-13 05:00:00,Batangas,130.07,72.45,ENE
2023-04-13 08:00:00,Batangas,95.15,58.18,ENE
2023-04-13 11:00:00,Batangas,87.06,33.83,NE
2023-04-13 14:00:00,Batangas,95.89,9.69,N
2023-04-11 08:00:00,Benguet,725.94,114.09,ESE
2023-04-11 11:00:00,Benguet,672.57,115.23,ESE
2023-04-11 14:00:00,Benguet,609.97,117.02,ESE
2023-04-11 17:00:00,Benguet,553.78,120.2,ESE
2023-04-11 20:00:00,Benguet,514.8,124.39,SE
2023-04-11 23:00:00,Benguet,488.75,126.59,SE
2023-04-12 02:00:00,Benguet,487.2,128.4,SE
2023-04-12 05:00:00,Benguet,470.05,131.96,SE
2023-04-12 08:00:00,Benguet,446.68,132.79,SE
2023-04-12 11:00:00,Benguet,431.28,134.77,SE
2023-04-12 14:00:00,Benguet,415.78,134.76,SE
2023-04-12 17:00:00,Benguet,400.28,134.75,SE
2023-04-12 20:00:00,Benguet,377.29,135.9,SE
2023-04-12 23:00:00,Benguet,362.78,138.37,SE
2023-04-13 02:00:00,Benguet,333.57,141.31,SE
2023-04-13 05:00:00,Benguet,314.58,145.95,SE
2023-04-13 08:00:00,Benguet,282.98,151.98,SSE
2023-04-13 11:00:00,Benguet,248.92,156.19,SSE
2023-04-13 14:00:00,Benguet,216.6,161.67,SSE
2023-04-11 08:00:00,Biliran,339.12,45.8,NE
2023-04-11 11:00:00,Biliran,311.13,37.41,NE
2023-04-11 14:00:00,Biliran,286.24,25.71,NNE
2023-04-11 17:00:00,Biliran,264.45,12.98,NNE
2023-04-11 20:00:00,Biliran,246.58,1.26,N
2023-04-11 23:00:00,Biliran,248.01,353.75,N
2023-04-12 02:00:00,Biliran,238.44,350.87,N
2023-04-12 05:00:00,Biliran,235.11,342.61,NNW
2023-04-12 08:00:00,Biliran,252.82,338.7,NNW
2023-04-12 11:00:00,Biliran,261.51,334.29,NNW
2023-04-12 14:00:00,Biliran,276.28,333.28,NNW
2023-04-12 17:00:00,Biliran,291.13,332.38,NNW
2023-04-12 20:00:00,Biliran,311.37,329.83,NNW
2023-04-12 23:00:00,Biliran,322.86,326.53,NNW
2023-04-13 02:00:00,Biliran,350.74,323.15,NW
2023-04-13 05:00:00,Biliran,371.24,319.17,NW
2023-04-13 08:00:00,Biliran,408.86,315.66,NW
2023-04-13 11:00:00,Biliran,447.5,314.74,NW
2023-04-13 14:00:00,Biliran,486.22,313.98,NW
2023-04-11 08:00:00,Bohol,546.88,34.29,NE
2023-04-11 11:00:00,Bohol,527.61,28.78,NNE
2023-04-11 14:00:00,Bohol,509.51,21.78,NNE
2023-04-11 17:00:00,Bohol,488.87,14.72,NNE
2023-04-11 20:00:00,Bohol,466.85,8.65,N
2023-04-11 23:00:00,Bohol,463.03,4.69,N
2023-04-12 02:00:00,Bohol,451.16,3.43,N
2023-04-12 05:00:00,Bohol,439.25,359.29,N
2023-04-12 08:00:00,Bohol,451.16,356.57,N
2023-04-12 11:00:00,Bohol,453.0,353.83,N
2023-04-12 14:00:00,Bohol,465.33,352.66,N
2023-04-12 17:00:00,Bohol,477.84,351.55,N
2023-04-12 20:00:00,Bohol,492.46,349.26,N
2023-04-12 23:00:00,Bohol,497.01,346.81,NNW
2023-04-13 02:00:00,Bohol,516.15,343.6,NNW
2023-04-13 05:00:00,Bohol,526.37,340.22,NNW
2023-04-13 08:00:00,Bohol,552.89,336.42,NNW
2023-04-13 11:00:00,Bohol,586.72,334.41,NNW
2023-04-13 14:00:00,Bohol,621.2,332.64,NNW
2023-04-11 08:00:00,Bukidnon,640.39,15.35,NNE
2023-04-11 11:00:00,Bukidnon,638.95,10.41,N
2023-04-11 14:00:00,Bukidnon,641.4,4.52,N
2023-04-11 17:00:00,Bukidnon,639.54,358.71,N
2023-04-11 20:00:00,Bukidnon,632.04,353.78,N
2023-04-11 23:00:00,Bukidnon,636.45,350.88,N
2023-04-12 02:00:00,Bukidnon,627.34,349.74,N
2023-04-12 05:00:00,Bukidnon,623.23,346.61,NNW
2023-04-12 08:00:00,Bukidnon,639.41,344.96,NNW
2023-04-12 11:00:00,Bukidnon,645.46,343.11,NNW
2023-04-12 14:00:00,Bukidnon,659.32,342.5,NNW
2023-04-12 17:00:00,Bukidnon,673.25,341.91,NNW
2023-04-12 20:00:00,Bukidnon,690.84,340.51,NNW
2023-04-12 23:00:00,Bukidnon,698.49,338.84,NNW
2023-04-13 02:00:00,Bukidnon,721.23,336.77,NNW
2023-04-13 05:00:00,Bukidnon,734.87,334.46,NNW
2023-04-13 08:00:00,Bukidnon,764.6,331.92,NNW
2023-04-13 11:00:00,Bukidnon,799.85,330.65,NNW
2023-04-13 14:00:00,Bukidnon,835.45,329.49,NNW
2023-04-11 08:00:00,Bulacan,647.16,100.59,E
2023-04-11 11:00:00,Bulacan,592.02,100.63,E
2023-04-11 14:00:00,Bulacan,526.35,100.89,E
2023-04-11 17:00:00,Bulacan,463.2,102.56,ESE
2023-04-11 20:00:00,Bulacan,413.99,105.81,ESE
2023-04-11 23:00:00,Bulacan,383.07,107.2,ESE
2023-04-12 02:00:00,Bulacan,376.5,109.32,ESE
2023-04-12 05:00:00,Bulacan,350.54,112.86,ESE
2023-04-12 08:00:00,Bulacan,326.29,112.58,ESE
2023-04-12 11:00:00,Bulacan,306.55,114.18,ESE
2023-04-12 14:00:00,Bulacan,292.14,113.09,ESE
2023-04-12 17:00:00,Bulacan,277.85,111.88,ESE
2023-04-12 20:00:00,Bulacan,253.66,111.42,ESE
2023-04-12 23:00:00,Bulacan,233.78,113.4,ESE
2023-04-13 02:00:00,Bulacan,199.71,114.24,ESE
2023-04-13 05:00:00,Bulacan,170.83,118.76,ESE
2023-04-13 08:00:00,Bulacan,128.22,123.78,SE
2023-04-13 11:00:00,Bulacan,88.99,123.55,ESE
2023-04-13 14:00:00,Bulacan,49.79,122.87,ESE
2023-04-11 08:00:00,Cagayan,688.62,128.53,SE
2023-04-11 11:00:00,Cagayan,640.55,130.86,SE
2023-04-11 14:00:00,Cagayan,586.02,134.3,SE
2023-04-11 17:00:00,Cagayan,542.41,139.18,SE
2023-04-11 20:00:00,Cagayan,518.5,144.55,SE
2023-04-11 23:00:00,Cagayan,500.75,147.6,SSE
2023-04-12 02:00:00,Cagayan,504.75,149.31,SSE
2023-04-12 05:00:00,Cagayan,499.25,153.17,SSE
2023-04-12 08:00:00,Cagayan,479.93,154.9,SSE
2023-04-12 11:00:00,Cagayan,471.34,157.29,SSE
2023-04-12 14:00:00,Cagayan,456.99,158.02,SSE
2023-04-12 17:00:00,Cagayan,442.72,158.79,SSE
2023-04-12 20:00:00,Cagayan,424.96,160.98,SSE
2023-04-12 23:00:00,Cagayan,418.54,163.78,SSE
2023-04-13 02:00:00,Cagayan,399.94,167.8,SSE
2023-04-13 05:00:00,Cagayan,394.47,172.41,S
2023-04-13 08:00:00,Cagayan,380.06,178.65,S
2023-04-13 11:00:00,Cagayan,358.46,183.74,S
2023-04-13 14:00:00,Cagayan,339.99,189.42,S
2023-04-11 08:00:00,Camarines Norte,407.4,96.08,E
2023-04-11 11:00:00,Camarines Norte,352.48,95.35,E
2023-04-11 14:00:00,Camarines Norte,286.92,94.5,E
2023-04-11 17:00:00,Camarines Norte,222.48,95.98,E
2023-04-11 20:00:00,Camarines Norte,170.94,101.71,ESE
2023-04-11 23:00:00,Camarines Norte,139.42,104.49,ESE
2023-04-12 02:00:00,Camarines Norte,132.5,110.34,ESE
2023-04-12 05:00:00,Camarines Norte,108.28,121.96,ESE
2023-04-12 08:00:00,Camarines Norte,84.1,123.38,ESE
2023-04-12 11:00:00,Camarines Norte,67.15,133.62,SE
2023-04-12 14:00:00,Camarines Norte,51.66,132.98,SE
2023-04-12 17:00:00,Camarines Norte,36.19,131.79,SE
2023-04-12 20:00:00,Camarines Norte,14.08,157.48,SSE
2023-04-12 23:00:00,Camarines Norte,20.76,231.22,SW
2023-04-13 02:00:00,Camarines Norte,48.57,267.82,W
2023-04-13 05:00:00,Camarines Norte,80.9,268.75,W
2023-04-13 08:00:00,Camarines Norte,124.33,274.4,W
2023-04-13 11:00:00,Camarines Norte,159.4,281.56,WNW
2023-04-13 14:00:00,Camarines Norte,196.01,286.12,WNW
2023-04-11 08:00:00,Camarines Sur,367.62,87.57,E
2023-04-11 11:00:00,Camarines Sur,314.23,85.25,E
2023-04-11 14:00:00,Camarines Sur,250.92,81.65,E
2023-04-11 17:00:00,Camarines Sur,186.97,78.93,E
2023-04-11 20:00:00,Camarines Sur,131.87,79.31,E
2023-04-11 23:00:00,Camarines Sur,100.18,75.96,ENE
2023-04-12 02:00:00,Camarines Sur,87.42,81.35,E
2023-04-12 05:00:00,Camarines Sur,54.07,87.94,E
2023-04-12 08:00:00,Camarines Sur,34.93,68.1,ENE
2023-04-12 11:00:00,Camarines Sur,16.91,39.7,NE
2023-04-12 14:00:00,Camarines Sur,24.13,0.0,N
2023-04-12 17:00:00,Camarines Sur,36.87,342.98,NNW
2023-04-12 20:00:00,Camarines Sur,56.56,325.09,NW
2023-04-12 23:00:00,Camarines Sur,71.17,310.71,NW
2023-04-13 02:00:00,Camarines Sur,103.75,303.74,WNW
2023-04-13 05:00:00,Camarines Sur,131.94,295.96,WNW
2023-04-13 08:00:00,Camarines Sur,175.85,293.14,WNW
2023-04-13 11:00:00,Camarines Sur,214.41,295.28,WNW
2023-04-13 14:00:00,Camarines Sur,253.14,296.79,WNW
2023-04-11 08:00:00,Camiguin,539.92,23.4,NNE
2023-04-11 11:00:00,Camiguin,531.1,17.57,NNE
2023-04-11 14:00:00,Camiguin,525.92,10.45,N
2023-04-11 17:00:00,Camiguin,517.97,3.38,N
2023-04-11 20:00:00,Camiguin,506.49,357.35,N
2023-04-11 23:00:00,Camiguin,509.06,353.7,N
2023-04-12 02:00:00,Camiguin,499.36,352.32,N
2023-04-12 05:00:00,Camiguin,493.91,348.41,NNW
2023-04-12 08:00:00,Camiguin,509.56,346.29,NNW
2023-04-12 11:00:00,Camiguin,515.2,343.95,NNW
2023-04-12 14:00:00,Camiguin,528.95,343.17,NNW
2023-04-12 17:00:00,Camiguin,542.81,342.42,NNW
2023-04-12 20:00:00,Camiguin,560.28,340.67,NNW
2023-04-12 23:00:00,Camiguin,567.92,338.62,NNW
2023-04-13 02:00:00,Camiguin,590.83,336.1,NNW
2023-04-13 05:00:00,Camiguin,604.91,333.3,NNW
2023-04-13 08:00:00,Camiguin,635.41,330.3,NNW
2023-04-13 11:00:00,Camiguin,671.14,328.87,NNW
2023-04-13 14:00:00,Camiguin,707.24,327.6,NNW
2023-04-11 08:00:00,Capiz,488.94,60.8,ENE
2023-04-11 11:00:00,Capiz,448.12,56.26,ENE
2023-04-11 14:00:00,Capiz,402.37,49.88,NE
2023-04-11 17:00:00,Capiz,354.85,43.2,NE
2023-04-11 20:00:00,Capiz,311.13,37.41,NE
2023-04-11 23:00:00,Capiz,292.42,32.38,NNE
2023-04-12 02:00:00,Capiz,277.25,31.75,NNE
2023-04-12 05:00:00,Capiz,251.56,26.82,NNE
2023-04-12 08:00:00,Capiz,252.82,21.3,NNE
2023-04-12 11:00:00,Capiz,245.74,16.61,NNE
2023-04-12 14:00:00,Capiz,253.64,13.55,NNE
2023-04-12 17:00:00,Capiz,262.22,10.68,N
2023-04-12 20:00:00,Capiz,270.12,5.73,N
2023-04-12 23:00:00,Capiz,268.81,1.15,N
2023-04-13 02:00:00,Capiz,281.19,354.5,N
2023-04-13 05:00:00,Capiz,286.16,348.03,NNW
2023-04-13 08:00:00,Capiz,308.68,340.62,NNW
2023-04-13 11:00:00,Capiz,341.26,336.76,NNW
2023-04-13 14:00:00,Capiz,375.12,333.59,NNW
2023-04-11 08:00:00,Catanduanes,266.9,86.92,E
2023-04-11 11:00:00,Catanduanes,213.87,83.29,E
2023-04-11 14:00:00,Catanduanes,151.8,76.41,ENE
2023-04-11 17:00:00,Catanduanes,90.03,66.86,ENE
2023-04-11 20:00:00,Catanduanes,37.61,50.06,NE
2023-04-11 23:00:00,Catanduanes,24.39,351.6,N
2023-04-12 02:00:00,Catanduanes,19.39,312.17,NW
2023-04-12 05:00:00,Catanduanes,46.84,272.36,W
2023-04-12 08:00:00,Catanduanes,69.63,280.84,W
2023-04-12 11:00:00,Catanduanes,90.95,278.32,W
2023-04-12 14:00:00,Catanduanes,103.64,283.57,WNW
2023-04-12 17:00:00,Catanduanes,117.01,287.65,WNW
2023-04-12 20:00:00,Catanduanes,140.99,289.35,WNW
2023-04-12 23:00:00,Catanduanes,161.55,286.85,WNW
2023-04-13 02:00:00,Catanduanes,195.74,287.29,WNW
2023-04-13 05:00:00,Catanduanes,226.9,284.92,WNW
2023-04-13 08:00:00,Catanduanes,271.44,284.93,WNW
2023-04-13 11:00:00,Catanduanes,308.55,287.45,WNW
2023-04-13 14:00:00,Catanduanes,346.09,289.44,WNW
2023-04-11 08:00:00,Cavite,634.49,95.15,E
2023-04-11 11:00:00,Cavite,579.6,94.66,E
2023-04-11 14:00:00,Cavite,514.04,94.17,E
2023-04-11 17:00:00,Cavite,449.59,94.93,E
2023-04-11 20:00:00,Cavite,397.38,97.32,E
2023-04-11 23:00:00,Cavite,365.34,98.04,E
2023-04-12 02:00:00,Cavite,356.6,100.08,E
2023-04-12 05:00:00,Cavite,327.29,103.06,ESE
2023-04-12 08:00:00,Cavite,303.71,101.99,ESE
2023-04-12 11:00:00,Cavite,282.67,102.95,ESE
2023-04-12 14:00:00,Cavite,269.69,101.19,E
2023-04-12 17:00:00,Cavite,257.0,99.25,E
2023-04-12 20:00:00,Cavite,233.95,97.47,E
2023-04-12 23:00:00,Cavite,212.6,98.27,E
2023-04-13 02:00:00,Cavite,179.03,96.32,E
2023-04-13 05:00:00,Cavite,146.95,97.79,E
2023-04-13 08:00:00,Cavite,102.8,95.03,E
2023-04-13 11:00:00,Cavite,71.22,79.39,E
2023-04-13 14:00:00,Cavite,51.6,46.87,NE
2023-04-11 08:00:00,Cebu,494.13,40.19,NE
2023-04-11 11:00:00,Cebu,469.77,34.3,NE
2023-04-11 14:00:00,Cebu,445.99,26.62,NNE
2023-04-11 17:00:00,Cebu,420.63,18.72,NNE
2023-04-11 20:00:00,Cebu,395.46,11.83,NNE
2023-04-11 23:00:00,Cebu,390.04,7.16,N
2023-04-12 02:00:00,Cebu,377.76,5.75,N
2023-04-12 05:00:00,Cebu,364.76,0.85,N
2023-04-12 08:00:00,Cebu,376.19,357.53,N
2023-04-12 11:00:00,Cebu,377.76,354.25,N
2023-04-12 14:00:00,Cebu,390.04,352.84,N
2023-04-12 17:00:00,Cebu,402.54,351.51,N
2023-04-12 20:00:00,Cebu,417.24,348.81,N
2023-04-12 23:00:00,Cebu,422.02,345.93,NNW
2023-04-13 02:00:00,Cebu,441.72,342.22,NNW
2023-04-13 05:00:00,Cebu,452.8,338.32,NNW
2023-04-13 08:00:00,Cebu,480.64,334.04,NNW
2023-04-13 11:00:00,Cebu,515.28,331.92,NNW
2023-04-13 14:00:00,Cebu,550.55,330.08,NNW
2023-04-11 08:00:00,Cotabato,763.85,13.25,NNE
2023-04-11 11:00:00,Cotabato,764.05,9.1,N
2023-04-11 14:00:00,Cotabato,767.44,4.18,N
2023-04-11 17:00:00,Cotabato,765.41,359.33,N
2023-04-11 20:00:00,Cotabato,756.92,355.22,N
2023-04-11 23:00:00,Cotabato,760.38,352.78,N
2023-04-12 02:00:00,Cotabato,750.84,351.85,N
2023-04-12 05:00:00,Cotabato,745.32,349.25,N
2023-04-12 08:00:00,Cotabato,760.59,347.81,NNW
2023-04-12 11:00:00,Cotabato,765.55,346.23,NNW
2023-04-12 14:00:00,Cotabato,779.0,345.66,NNW
2023-04-12 17:00:00,Cotabato,792.53,345.1,NNW
2023-04-12 20:00:00,Cotabato,809.14,343.83,NNW
2023-04-12 23:00:00,Cotabato,815.55,342.38,NNW
2023-04-13 02:00:00,Cotabato,836.61,340.5,NNW
2023-04-13 05:00:00,Cotabato,848.22,338.44,NNW
2023-04-13 08:00:00,Cotabato,875.5,336.09,NNW
2023-04-13 11:00:00,Cotabato,909.38,334.82,NNW
2023-04-13 14:00:00,Cotabato,943.69,333.64,NNW
2023-04-11 08:00:00,Davao Occidental,819.16,8.26,N
2023-04-11 11:00:00,Davao Occidental,824.12,4.42,N
2023-04-11 14:00:00,Davao Occidental,832.74,359.9,N
2023-04-11 17:00:00,Davao Occidental,835.44,355.44,N
2023-04-11 20:00:00,Davao Occidental,830.61,351.65,N
2023-04-11 23:00:00,Davao Occidental,836.05,349.45,N
2023-04-12 02:00:00,Davao Occidental,827.25,348.57,NNW
2023-04-12 05:00:00,Davao Occidental,823.66,346.19,NNW
2023-04-12 08:00:00,Davao Occidental,839.92,344.95,NNW
2023-04-12 11:00:00,Davao Occidental,845.92,343.53,NNW
2023-04-12 14:00:00,Davao Occidental,859.73,343.06,NNW
2023-04-12 17:00:00,Davao Occidental,873.59,342.6,NNW
2023-04-12 20:00:00,Davao Occidental,890.95,341.49,NNW
2023-04-12 23:00:00,Davao Occidental,898.21,340.18,NNW
2023-04-13 02:00:00,Davao Occidental,920.27,338.53,NNW
2023-04-13 05:00:00,Davao Occidental,932.9,336.68,NNW
2023-04-13 08:00:00,Davao Occidental,961.21,334.59,NNW
2023-04-13 11:00:00,Davao Occidental,995.6,333.48,NNW
2023-04-13 14:00:00,Davao Occidental,1030.34,332.45,NNW
2023-04-11 08:00:00,Davao Oriental,752.3,3.85,N
2023-04-11 11:00:00,Davao Oriental,761.69,359.73,N
2023-04-11 14:00:00,Davao Oriental,775.89,354.94,N
2023-04-11 17:00:00,Davao Oriental,784.46,350.21,N
2023-04-11 20:00:00,Davao Oriental,784.89,346.17,NNW
2023-04-11 23:00:00,Davao Oriental,793.44,343.9,NNW
2023-04-12 02:00:00,Davao Oriental,785.96,342.91,NNW
2023-04-12 05:00:00,Davao Oriental,785.85,340.41,NNW
2023-04-12 08:00:00,Davao Oriental,803.87,339.23,NNW
2023-04-12 11:00:00,Davao Oriental,811.96,337.8,NNW
2023-04-12 14:00:00,Davao Oriental,826.4,337.41,NNW
2023-04-12 17:00:00,Davao Oriental,840.89,337.03,NNW
2023-04-12 20:00:00,Davao Oriental,859.84,336.0,NNW
2023-04-12 23:00:00,Davao Oriental,869.05,334.71,NNW
2023-04-13 02:00:00,Davao Oriental,893.54,333.15,NNW
2023-04-13 05:00:00,Davao Oriental,908.96,331.33,NNW
2023-04-13 08:00:00,Davao Oriental,940.39,329.37,NNW
2023-04-13 11:00:00,Davao Oriental,976.37,328.43,NNW
2023-04-13 14:00:00,Davao Oriental,1012.59,327.56,NNW
2023-04-11 08:00:00,Davao de Oro,683.0,6.67,N
2023-04-11 11:00:00,Davao de Oro,689.88,2.09,N
2023-04-11 14:00:00,Davao de Oro,701.67,356.76,N
2023-04-11 17:00:00,Davao de Oro,708.44,351.51,N
2023-04-11 20:00:00,Davao de Oro,707.78,347.04,NNW
2023-04-11 23:00:00,Davao de Oro,715.9,344.51,NNW
2023-04-12 02:00:00,Davao de Oro,708.28,343.42,NNW
2023-04-12 05:00:00,Davao de Oro,707.92,340.64,NNW
2023-04-12 08:00:00,Davao de Oro,725.89,339.33,NNW
2023-04-12 11:00:00,Davao de Oro,733.95,337.76,NNW
2023-04-12 14:00:00,Davao de Oro,748.4,337.32,NNW
2023-04-12 17:00:00,Davao de Oro,762.89,336.9,NNW
2023-04-12 20:00:00,Davao de Oro,781.88,335.78,NNW
2023-04-12 23:00:00,Davao de Oro,791.18,334.36,NNW
2023-04-13 02:00:00,Davao de Oro,815.83,332.66,NNW
2023-04-13 05:00:00,Davao de Oro,831.52,330.69,NNW
2023-04-13 08:00:00,Davao de Oro,863.34,328.57,NNW
2023-04-13 11:00:00,Davao de Oro,899.53,327.58,NNW
2023-04-13 14:00:00,Davao de Oro,935.96,326.68,NNW
2023-04-11 08:00:00,Davao del Norte,701.89,7.98,N
2023-04-11 11:00:00,Davao del Norte,707.44,3.51,N
2023-04-11 14:00:00,Davao del Norte,717.54,358.27,N
2023-04-11 17:00:00,Davao del Norte,722.51,353.12,N
2023-04-11 20:00:00,Davao del Norte,720.22,348.74,NNW
2023-04-11 23:00:00,Davao del Norte,727.39,346.23,NNW
2023-04-12 02:00:00,Davao del Norte,719.36,345.18,NNW
2023-04-12 05:00:00,Davao del Norte,717.92,342.44,NNW
2023-04-12 08:00:00,Davao del Norte,735.35,341.1,NNW
2023-04-12 11:00:00,Davao del Norte,742.78,339.53,NNW
2023-04-12 14:00:00,Davao del Norte,757.05,339.06,NNW
2023-04-12 17:00:00,Davao del Norte,771.37,338.62,NNW
2023-04-12 20:00:00,Davao del Norte,789.89,337.46,NNW
2023-04-12 23:00:00,Davao del Norte,798.6,336.03,NNW
2023-04-13 02:00:00,Davao del Norte,822.53,334.3,NNW
2023-04-13 05:00:00,Davao del Norte,837.39,332.31,NNW
2023-04-13 08:00:00,Davao del Norte,868.3,330.15,NNW
2023-04-13 11:00:00,Davao del Norte,904.06,329.1,NNW
2023-04-13 14:00:00,Davao del Norte,940.1,328.14,NNW
2023-04-11 08:00:00,Davao del Sur,786.78,10.71,N
2023-04-11 11:00:00,Davao del Sur,789.41,6.69,N
2023-04-11 14:00:00,Davao del Sur,795.51,1.95,N
2023-04-11 17:00:00,Davao del Sur,795.96,357.27,N
2023-04-11 20:00:00,Davao del Sur,789.41,353.31,N
2023-04-11 23:00:00,Davao del Sur,793.94,350.98,N
2023-04-12 02:00:00,Davao del Sur,784.8,350.07,N
2023-04-12 05:00:00,Davao del Sur,780.32,347.57,NNW
2023-04-12 08:00:00,Davao del Sur,796.15,346.23,NNW
2023-04-12 11:00:00,Davao del Sur,801.69,344.73,NNW
2023-04-12 14:00:00,Davao del Sur,815.34,344.21,NNW
2023-04-12 17:00:00,Davao del Sur,829.06,343.7,NNW
2023-04-12 20:00:00,Davao del Sur,846.09,342.51,NNW
2023-04-12 23:00:00,Davao del Sur,852.98,341.13,NNW
2023-04-13 02:00:00,Davao del Sur,874.61,339.37,NNW
2023-04-13 05:00:00,Davao del Sur,886.81,337.41,NNW
2023-04-13 08:00:00,Davao del Sur,914.71,335.19,NNW
2023-04-13 11:00:00,Davao del Sur,948.89,334.01,NNW
2023-04-13 14:00:00,Davao del Sur,983.46,332.9,NNW
2023-04-11 08:00:00,Dinagat Islands,417.8,16.54,NNE
2023-04-11 11:00:00,Dinagat Islands,416.56,8.95,N
2023-04-11 14:00:00,Dinagat Islands,422.54,0.0,N
2023-04-11 17:00:00,Dinagat Islands,427.55,351.28,N
2023-04-11 20:00:00,Dinagat Islands,428.46,343.89,NNW
2023-04-11 23:00:00,Dinagat Islands,438.69,339.83,NNW
2023-04-12 02:00:00,Dinagat Islands,432.28,337.97,NNW
2023-04-12 05:00:00,Dinagat Islands,435.68,333.46,NNW
2023-04-12 08:00:00,Dinagat Islands,455.61,331.67,NNW
2023-04-12 11:00:00,Dinagat Islands,466.39,329.34,NNW
2023-04-12 14:00:00,Dinagat Islands,481.5,328.92,NNW
2023-04-12 17:00:00,Dinagat Islands,496.64,328.53,NNW
2023-04-12 20:00:00,Dinagat Islands,517.65,327.16,NNW
2023-04-12 23:00:00,Dinagat Islands,529.84,325.21,NW
2023-04-13 02:00:00,Dinagat Islands,558.01,323.16,NW
2023-04-13 05:00:00,Dinagat Islands,578.29,320.61,NW
2023-04-13 08:00:00,Dinagat Islands,615.13,318.21,NW
2023-04-13 11:00:00,Dinagat Islands,653.45,317.44,NW
2023-04-13 14:00:00,Dinagat Islands,691.85,316.76,NW
2023-04-11 08:00:00,Eastern Samar,271.13,30.41,NNE
2023-04-11 11:00:00,Eastern Samar,258.49,18.77,NNE
2023-04-11 14:00:00,Eastern Samar,256.41,4.1,N
2023-04-11 17:00:00,Eastern Samar,259.96,349.71,N
2023-04-11 20:00:00,Eastern Samar,264.61,337.69,NNW
2023-04-11 23:00:00,Eastern Samar,278.64,331.52,NNW
2023-04-12 02:00:00,Eastern Samar,274.49,328.43,NNW
2023-04-12 05:00:00,Eastern Samar,284.15,321.68,NW
2023-04-12 08:00:00,Eastern Samar,306.5,319.82,NW
2023-04-12 11:00:00,Eastern Samar,320.98,316.89,NW
2023-04-12 14:00:00,Eastern Samar,336.48,316.86,NW
2023-04-12 17:00:00,Eastern Samar,351.98,316.84,NW
2023-04-12 20:00:00,Eastern Samar,375.01,315.63,NW
2023-04-12 23:00:00,Eastern Samar,390.55,313.38,NW
2023-04-13 02:00:00,Eastern Samar,422.08,311.51,NW
2023-04-13 05:00:00,Eastern Samar,447.07,308.79,NW
2023-04-13 08:00:00,Eastern Samar,488.21,306.7,NW
2023-04-13 11:00:00,Eastern Samar,527.44,306.6,NW
2023-04-13 14:00:00,Eastern Samar,566.65,306.53,NW
2023-04-11 08:00:00,Guimaras,563.38,51.86,NE
2023-04-11 11:00:00,Guimaras,528.82,47.35,NE
2023-04-11 14:00:00,Guimaras,490.8,41.31,NE
2023-04-11 17:00:00,Guimaras,450.15,35.15,NE
2023-04-11 20:00:00,Guimaras,411.39,29.93,NNE
2023-04-11 23:00:00,Guimaras,396.03,25.88,NNE
2023-04-12 02:00:00,Guimaras,381.31,25.16,NNE
2023-04-12 05:00:00,Guimaras,358.19,21.24,NNE
2023-04-12 08:00:00,Guimaras,361.43,17.4,NNE
2023-04-12 11:00:00,Guimaras,355.5,14.08,NNE
2023-04-12 14:00:00,Guimaras,363.86,12.0,NNE
2023-04-12 17:00:00,Guimaras,372.69,10.01,N
2023-04-12 20:00:00,Guimaras,380.55,6.52,N
2023-04-12 23:00:00,Guimaras,378.69,3.27,N
2023-04-13 02:00:00,Guimaras,389.33,358.41,N
2023-04-13 05:00:00,Guimaras,391.6,353.67,N
2023-04-13 08:00:00,Guimaras,409.62,347.84,NNW
2023-04-13 11:00:00,Guimaras,439.08,344.33,NNW
2023-04-13 14:00:00,Guimaras,470.0,341.29,NNW
2023-04-11 08:00:00,Ifugao,693.46,119.22,ESE
2023-04-11 11:00:00,Ifugao,641.58,120.83,ESE
2023-04-11 14:00:00,Ifugao,581.33,123.3,ESE
2023-04-11 17:00:00,Ifugao,529.17,127.27,SE
2023-04-11 20:00:00,Ifugao,495.45,132.15,SE
2023-04-11 23:00:00,Ifugao,472.28,134.84,SE
2023-04-12 02:00:00,Ifugao,472.93,136.72,SE
2023-04-12 05:00:00,Ifugao,460.29,140.63,SE
2023-04-12 08:00:00,Ifugao,438.21,141.93,SE
2023-04-12 11:00:00,Ifugao,425.42,144.24,SE
2023-04-12 14:00:00,Ifugao,410.12,144.58,SE
2023-04-12 17:00:00,Ifugao,394.83,144.95,SE
2023-04-12 20:00:00,Ifugao,373.62,146.71,SSE
2023-04-12 23:00:00,Ifugao,362.38,149.58,SSE
2023-04-13 02:00:00,Ifugao,337.32,153.4,SSE
2023-04-13 05:00:00,Ifugao,324.3,158.53,SSE
2023-04-13 08:00:00,Ifugao,300.51,165.45,SSE
2023-04-13 11:00:00,Ifugao,272.15,170.89,S
2023-04-13 14:00:00,Ifugao,246.75,177.5,S
2023-04-11 08:00:00,Ilocos Norte,822.15,126.44,SE
2023-04-11 11:00:00,Ilocos Norte,773.16,128.26,SE
2023-04-11 14:00:00,Ilocos Norte,716.99,130.9,SE
2023-04-11 17:00:00,Ilocos Norte,670.43,134.62,SE
2023-04-11 20:00:00,Ilocos Norte,642.43,138.78,SE
2023-04-11 23:00:00,Ilocos Norte,622.02,141.06,SE
2023-04-12 02:00:00,Ilocos Norte,624.34,142.47,SE
2023-04-12 05:00:00,Ilocos Norte,614.8,145.52,SE
2023-04-12 08:00:00,Ilocos Norte,593.7,146.67,SSE
2023-04-12 11:00:00,Ilocos Norte,582.36,148.46,SSE
2023-04-12 14:00:00,Ilocos Norte,567.29,148.82,SSE
2023-04-12 17:00:00,Ilocos Norte,552.25,149.21,SSE
2023-04-12 20:00:00,Ilocos Norte,531.97,150.62,SSE
2023-04-12 23:00:00,Ilocos Norte,521.93,152.7,SSE
2023-04-13 02:00:00,Ilocos Norte,498.02,155.45,SSE
2023-04-13 05:00:00,Ilocos Norte,485.73,158.94,SSE
2023-04-13 08:00:00,Ilocos Norte,461.55,163.47,SSE
2023-04-13 11:00:00,Ilocos Norte,431.88,166.77,SSE
2023-04-13 14:00:00,Ilocos Norte,403.81,170.53,S
2023-04-11 08:00:00,Ilocos Sur,801.82,121.57,ESE
2023-04-11 11:00:00,Ilocos Sur,750.82,123.12,ESE
2023-04-11 14:00:00,Ilocos Sur,691.75,125.41,SE
2023-04-11 17:00:00,Ilocos Sur,641.03,128.89,SE
2023-04-11 20:00:00,Ilocos Sur,608.42,132.97,SE
2023-04-11 23:00:00,Ilocos Sur,585.57,135.18,SE
2023-04-12 02:00:00,Ilocos Sur,586.32,136.69,SE
2023-04-12 05:00:00,Ilocos Sur,573.57,139.84,SE
2023-04-12 08:00:00,Ilocos Sur,551.37,140.85,SE
2023-04-12 11:00:00,Ilocos Sur,538.24,142.66,SE
2023-04-12 14:00:00,Ilocos Sur,522.88,142.88,SE
2023-04-12 17:00:00,Ilocos Sur,507.53,143.12,SE
2023-04-12 20:00:00,Ilocos Sur,485.94,144.4,SE
2023-04-12 23:00:00,Ilocos Sur,473.93,146.55,SSE
2023-04-13 02:00:00,Ilocos Sur,447.54,149.26,SSE
2023-04-13 05:00:00,Ilocos Sur,432.17,152.97,SSE
2023-04-13 08:00:00,Ilocos Sur,404.32,157.74,SSE
2023-04-13 11:00:00,Ilocos Sur,372.26,161.08,SSE
2023-04-13 14:00:00,Ilocos Sur,341.67,165.03,SSE
2023-04-11 08:00:00,Iloilo,530.77,55.14,NE
2023-04-11 11:00:00,Iloilo,493.83,50.55,NE
2023-04-11 14:00:00,Iloilo,452.96,44.31,NE
2023-04-11 17:00:00,Iloilo,409.84,37.87,NE
2023-04-11 20:00:00,Iloilo,369.36,32.36,NNE
2023-04-11 23:00:00,Iloilo,352.9,27.93,NNE
2023-04-12 02:00:00,Iloilo,338.02,27.21,NNE
2023-04-12 05:00:00,Iloilo,314.09,22.89,NNE
2023-04-12 08:00:00,Iloilo,316.76,18.5,NNE
2023-04-12 11:00:00,Iloilo,310.52,14.72,NNE
2023-04-12 14:00:00,Iloilo,318.77,12.33,NNE
2023-04-12 17:00:00,Iloilo,327.56,10.06,N
2023-04-12 20:00:00,Iloilo,335.5,6.09,N
2023-04-12 23:00:00,Iloilo,333.88,2.41,N
2023-04-13 02:00:00,Iloilo,345.2,356.95,N
2023-04-13 05:00:00,Iloilo,348.46,351.63,N
2023-04-13 08:00:00,Iloilo,368.13,345.23,NNW
2023-04-13 11:00:00,Iloilo,398.79,341.57,NNW
2023-04-13 14:00:00,Iloilo,430.86,338.45,NNW
2023-04-11 08:00:00,Isabela,642.12,125.77,SE
2023-04-11 11:00:00,Isabela,592.76,128.06,SE
2023-04-11 14:00:00,Isabela,536.47,131.51,SE
2023-04-11 17:00:00,Isabela,490.62,136.63,SE
2023-04-11 20:00:00,Isabela,464.67,142.47,SE
2023-04-11 23:00:00,Isabela,445.98,145.8,SE
2023-04-12 02:00:00,Isabela,449.53,147.74,SSE
2023-04-12 05:00:00,Isabela,443.21,152.06,SSE
2023-04-12 08:00:00,Isabela,423.61,153.97,SSE
2023-04-12 11:00:00,Isabela,414.73,156.66,SSE
2023-04-12 14:00:00,Isabela,400.32,157.46,SSE
2023-04-12 17:00:00,Isabela,385.99,158.33,SSE
2023-04-12 20:00:00,Isabela,368.13,160.83,SSE
2023-04-12 23:00:00,Isabela,361.72,164.06,SSE
2023-04-13 02:00:00,Isabela,343.4,168.77,S
2023-04-13 05:00:00,Isabela,338.66,174.15,S
2023-04-13 08:00:00,Isabela,325.91,181.52,S
2023-04-13 11:00:00,Isabela,306.27,187.68,S
2023-04-13 14:00:00,Isabela,290.57,194.59,SSW
2023-04-11 08:00:00,Kalinga,699.24,125.87,SE
2023-04-11 11:00:00,Kalinga,649.95,127.98,SE
2023-04-11 14:00:00,Kalinga,593.59,131.1,SE
2023-04-11 17:00:00,Kalinga,547.29,135.66,SE
2023-04-11 20:00:00,Kalinga,520.36,140.83,SE
2023-04-11 23:00:00,Kalinga,500.88,143.74,SE
2023-04-12 02:00:00,Kalinga,503.88,145.48,SE
2023-04-12 05:00:00,Kalinga,496.17,149.31,SSE
2023-04-12 08:00:00,Kalinga,475.89,150.89,SSE
2023-04-12 11:00:00,Kalinga,465.95,153.22,SSE
2023-04-12 14:00:00,Kalinga,451.22,153.83,SSE
2023-04-12 17:00:00,Kalinga,436.55,154.47,SSE
2023-04-12 20:00:00,Kalinga,417.59,156.51,SSE
2023-04-12 23:00:00,Kalinga,409.61,159.29,SSE
2023-04-13 02:00:00,Kalinga,388.82,163.2,SSE
2023-04-13 05:00:00,Kalinga,380.86,167.87,SSE
2023-04-13 08:00:00,Kalinga,363.23,174.18,S
2023-04-13 11:00:00,Kalinga,339.17,179.24,S
2023-04-13 14:00:00,Kalinga,318.11,185.02,S
2023-04-11 08:00:00,La Union,757.87,114.48,ESE
2023-04-11 11:00:00,La Union,704.61,115.6,ESE
2023-04-11 14:00:00,La Union,642.16,117.35,ESE
2023-04-11 17:00:00,La Union,586.16,120.39,ESE
2023-04-11 20:00:00,La Union,547.28,124.35,SE
2023-04-11 23:00:00,La Union,521.22,126.41,SE
2023-04-12 02:00:00,La Union,519.62,128.11,SE
2023-04-12 05:00:00,La Union,502.3,131.43,SE
2023-04-12 08:00:00,La Union,478.88,132.19,SE
2023-04-12 11:00:00,La Union,463.32,134.02,SE
2023-04-12 14:00:00,La Union,447.82,133.98,SE
2023-04-12 17:00:00,La Union,432.32,133.94,SE
2023-04-12 20:00:00,La Union,409.22,134.96,SE
2023-04-12 23:00:00,La Union,394.44,137.2,SE
2023-04-13 02:00:00,La Union,364.84,139.8,SE
2023-04-13 05:00:00,La Union,345.09,143.94,SE
2023-04-13 08:00:00,La Union,312.25,149.19,SSE
2023-04-13 11:00:00,La Union,277.19,152.63,SSE
2023-04-13 14:00:00,La Union,243.4,157.02,SSE
2023-04-11 08:00:00,Laguna,573.78,95.79,E
2023-04-11 11:00:00,Laguna,518.84,95.3,E
2023-04-11 14:00:00,Laguna,453.24,94.82,E
2023-04-11 17:00:00,Laguna,388.86,95.78,E
2023-04-11 20:00:00,Laguna,336.96,98.71,E
2023-04-11 23:00:00,Laguna,305.04,99.71,E
2023-04-12 02:00:00,Laguna,296.7,102.2,ESE
2023-04-12 05:00:00,Laguna,268.16,106.05,ESE
2023-04-12 08:00:00,Laguna,244.32,105.0,ESE
2023-04-12 11:00:00,Laguna,223.57,106.48,ESE
2023-04-12 14:00:00,Laguna,210.13,104.44,ESE
2023-04-12 17:00:00,Laguna,197.0,102.12,ESE
2023-04-12 20:00:00,Laguna,173.63,100.08,E
2023-04-12 23:00:00,Laguna,152.46,101.55,ESE
2023-04-13 02:00:00,Laguna,118.58,99.51,E
2023-04-13 05:00:00,Laguna,86.87,103.12,ESE
2023-04-13 08:00:00,Laguna,42.35,101.87,ESE
2023-04-13 11:00:00,Laguna,16.28,33.97,NE
2023-04-13 14:00:00,Laguna,42.61,327.02,NNW
2023-04-11 08:00:00,Lanao del Norte,664.4,23.51,NNE
2023-04-11 11:00:00,Lanao del Norte,654.87,18.79,NNE
2023-04-11 14:00:00,Lanao del Norte,647.44,13.03,NNE
2023-04-11 17:00:00,Lanao del Norte,635.76,7.33,N
2023-04-11 20:00:00,Lanao del Norte,619.96,2.5,N
2023-04-11 23:00:00,Lanao del Norte,619.38,359.5,N
2023-04-12 02:00:00,Lanao del Norte,608.46,358.47,N
2023-04-12 05:00:00,Lanao del Norte,599.13,355.34,N
2023-04-12 08:00:00,Lanao del Norte,612.36,353.41,N
2023-04-12 11:00:00,Lanao del Norte,615.27,351.4,N
2023-04-12 14:00:00,Lanao del Norte,627.97,350.58,N
2023-04-12 17:00:00,Lanao del Norte,640.79,349.8,N
2023-04-12 20:00:00,Lanao del Norte,655.92,348.11,NNW
2023-04-12 23:00:00,Lanao del Norte,660.79,346.28,NNW
2023-04-13 02:00:00,Lanao del Norte,680.03,343.86,NNW
2023-04-13 05:00:00,Lanao del Norte,689.93,341.28,NNW
2023-04-13 08:00:00,Lanao del Norte,715.55,338.3,NNW
2023-04-13 11:00:00,Lanao del Norte,748.67,336.65,NNW
2023-04-13 14:00:00,Lanao del Norte,782.36,335.14,NNW
2023-04-11 08:00:00,Lanao del Sur,685.82,22.25,NNE
2023-04-11 11:00:00,Lanao del Sur,677.45,17.66,NNE
2023-04-11 14:00:00,Lanao del Sur,671.21,12.09,NNE
2023-04-11 17:00:00,Lanao del Sur,660.48,6.58,N
2023-04-11 20:00:00,Lanao del Sur,645.3,1.92,N
2023-04-11 23:00:00,Lanao del Sur,645.02,359.04,N
2023-04-12 02:00:00,Lanao del Sur,634.19,358.04,N
2023-04-12 05:00:00,Lanao del Sur,625.08,355.03,N
2023-04-12 08:00:00,Lanao del Sur,638.4,353.19,N
2023-04-12 11:00:00,Lanao del Sur,641.38,351.27,N
2023-04-12 14:00:00,Lanao del Sur,654.1,350.48,N
2023-04-12 17:00:00,Lanao del Sur,666.94,349.73,N
2023-04-12 20:00:00,Lanao del Sur,682.08,348.11,NNW
2023-04-12 23:00:00,Lanao del Sur,686.95,346.35,NNW
2023-04-13 02:00:00,Lanao del Sur,706.13,344.01,NNW
2023-04-13 05:00:00,Lanao del Sur,715.92,341.52,NNW
2023-04-13 08:00:00,Lanao del Sur,741.36,338.64,NNW
2023-04-13 11:00:00,Lanao del Sur,774.35,337.03,NNW
2023-04-13 14:00:00,Lanao del Sur,807.9,335.56,NNW
2023-04-11 08:00:00,Leyte,329.98,33.83,NE
2023-04-11 11:00:00,Leyte,313.04,24.46,NNE
2023-04-11 14:00:00,Leyte,302.86,12.35,NNE
2023-04-11 17:00:00,Leyte,295.78,0.0,N
2023-04-11 20:00:00,Leyte,289.79,349.26,N
2023-04-11 23:00:00,Leyte,297.61,343.12,NNW
2023-04-12 02:00:00,Leyte,290.47,340.44,NNW
2023-04-12 05:00:00,Leyte,292.99,333.72,NNW
2023-04-12 08:00:00,Leyte,312.93,331.09,NNW
2023-04-12 11:00:00,Leyte,324.03,327.75,NNW
2023-04-12 14:00:00,Leyte,339.23,327.23,NNW
2023-04-12 17:00:00,Leyte,354.46,326.75,NNW
2023-04-12 20:00:00,Leyte,375.86,324.95,NW
2023-04-12 23:00:00,Leyte,388.79,322.36,NW
2023-04-13 02:00:00,Leyte,417.94,319.81,NW
2023-04-13 05:00:00,Leyte,439.76,316.61,NW
2023-04-13 08:00:00,Leyte,478.3,313.82,NW
2023-04-13 11:00:00,Leyte,517.13,313.17,NW
2023-04-13 14:00:00,Leyte,556.01,312.62,NW
2023-04-11 08:00:00,Maguindanao del Norte,786.81,19.15,NNE
2023-04-11 11:00:00,Maguindanao del Norte,781.14,15.13,NNE
2023-04-11 14:00:00,Maguindanao del Norte,777.4,10.3,N
2023-04-11 17:00:00,Maguindanao del Norte,768.27,5.53,N
2023-04-11 20:00:00,Maguindanao del Norte,753.77,1.52,N
2023-04-11 23:00:00,Maguindanao del Norte,753.61,359.05,N
2023-04-12 02:00:00,Maguindanao del Norte,742.76,358.2,N
2023-04-12 05:00:00,Maguindanao del Norte,733.44,355.63,N
2023-04-12 08:00:00,Maguindanao del Norte,746.5,354.04,N
2023-04-12 11:00:00,Maguindanao del Norte,749.1,352.39,N
2023-04-12 14:00:00,Maguindanao del Norte,761.64,351.7,N
2023-04-12 17:00:00,Maguindanao del Norte,774.28,351.03,N
2023-04-12 20:00:00,Maguindanao del Norte,788.95,349.61,N
2023-04-12 23:00:00,Maguindanao del Norte,793.22,348.07,NNW
2023-04-13 02:00:00,Maguindanao del Norte,811.48,346.0,NNW
2023-04-13 05:00:00,Maguindanao del Norte,820.1,343.8,NNW
2023-04-13 08:00:00,Maguindanao del Norte,843.96,341.21,NNW
2023-04-13 11:00:00,Maguindanao del Norte,875.93,339.69,NNW
2023-04-13 14:00:00,Maguindanao del Norte,908.49,338.28,NNW
2023-04-11 08:00:00,Maguindanao del Sur,803.39,14.82,NNE
2023-04-11 11:00:00,Maguindanao del Sur,801.93,10.88,N
2023-04-11 14:00:00,Maguindanao del Sur,803.1,6.17,N
2023-04-11 17:00:00,Maguindanao del Sur,798.64,1.54,N
2023-04-11 20:00:00,Maguindanao del Sur,787.92,357.62,N
2023-04-11 23:00:00,Maguindanao del Sur,789.98,355.27,N
2023-04-12 02:00:00,Maguindanao del Sur,779.9,354.41,N
2023-04-12 05:00:00,Maguindanao del Sur,772.8,351.93,N
2023-04-12 08:00:00,Maguindanao del Sur,787.16,350.48,N
2023-04-12 11:00:00,Maguindanao del Sur,791.11,348.94,N
2023-04-12 14:00:00,Maguindanao del Sur,804.18,348.33,NNW
2023-04-12 17:00:00,Maguindanao del Sur,817.33,347.75,NNW
2023-04-12 20:00:00,Maguindanao del Sur,833.08,346.47,NNW
2023-04-12 23:00:00,Maguindanao del Sur,838.52,345.03,NNW
2023-04-13 02:00:00,Maguindanao del Sur,858.28,343.14,NNW
2023-04-13 05:00:00,Maguindanao del Sur,868.46,341.09,NNW
2023-04-13 08:00:00,Maguindanao del Sur,894.05,338.72,NNW
2023-04-13 11:00:00,Maguindanao del Sur,926.98,337.37,NNW
2023-04-13 14:00:00,Maguindanao del Sur,960.39,336.12,NNW
2023-04-11 08:00:00,Marinduque,526.79,86.41,E
2023-04-11 11:00:00,Marinduque,473.52,84.77,E
2023-04-11 14:00:00,Marinduque,410.06,82.55,E
2023-04-11 17:00:00,Marinduque,345.81,81.31,E
2023-04-11 20:00:00,Marinduque,290.83,82.0,E
2023-04-11 23:00:00,Marinduque,258.73,81.07,E
2023-04-12 02:00:00,Marinduque,246.61,83.26,E
2023-04-12 05:00:00,Marinduque,213.31,85.29,E
2023-04-12 08:00:00,Marinduque,193.0,81.51,E
2023-04-12 11:00:00,Marinduque,171.64,80.5,E
2023-04-12 14:00:00,Marinduque,163.24,76.04,ENE
2023-04-12 17:00:00,Marinduque,155.94,71.12,ENE
2023-04-12 20:00:00,Marinduque,140.11,63.98,ENE
2023-04-12 23:00:00,Marinduque,121.04,59.54,ENE
2023-04-13 02:00:00,Marinduque,102.04,44.82,NE
2023-04-13 05:00:00,Marinduque,82.43,28.7,NNE
2023-04-13 08:00:00,Marinduque,83.47,357.56,N
2023-04-13 11:00:00,Marinduque,111.58,341.25,NNW
2023-04-13 14:00:00,Marinduque,144.97,331.97,NNW
2023-04-11 08:00:00,Masbate,378.5,62.95,ENE
2023-04-11 11:00:00,Masbate,336.8,57.15,ENE
2023-04-11 14:00:00,Masbate,291.35,48.46,NE
2023-04-11 17:00:00,Masbate,246.3,38.49,NE
2023-04-11 20:00:00,Masbate,206.85,28.71,NNE
2023-04-11 23:00:00,Masbate,193.3,20.27,NNE
2023-04-12 02:00:00,Masbate,179.22,18.27,NNE
2023-04-12 05:00:00,Masbate,160.79,8.5,N
2023-04-12 08:00:00,Masbate,170.14,0.73,N
2023-04-12 11:00:00,Masbate,171.24,353.48,N
2023-04-12 14:00:00,Masbate,183.77,350.53,N
2023-04-12 17:00:00,Masbate,196.72,347.96,NNW
2023-04-12 20:00:00,Masbate,212.96,342.91,NNW
2023-04-12 23:00:00,Masbate,220.32,337.54,NNW
2023-04-13 02:00:00,Masbate,244.4,331.53,NNW
2023-04-13 05:00:00,Masbate,261.5,325.3,NW
2023-04-13 08:00:00,Masbate,296.79,319.71,NW
2023-04-13 11:00:00,Masbate,334.88,318.0,NW
2023-04-13 14:00:00,Masbate,373.2,316.65,NW
2023-04-11 08:00:00,Metro Manila,622.33,98.34,E
2023-04-11 11:00:00,Metro Manila,567.22,98.15,E
2023-04-11 14:00:00,Metro Manila,501.5,98.1,E
2023-04-11 17:00:00,Metro Manila,437.69,99.45,E
2023-04-11 20:00:00,Metro Manila,387.14,102.51,ESE
2023-04-11 23:00:00,Metro Manila,355.7,103.72,ESE
2023-04-12 02:00:00,Metro Manila,348.28,105.93,ESE
2023-04-12 05:00:00,Metro Manila,321.03,109.5,ESE
2023-04-12 08:00:00,Metro Manila,296.93,108.92,ESE
2023-04-12 11:00:00,Metro Manila,276.66,110.42,ESE
2023-04-12 14:00:00,Metro Manila,262.67,109.0,ESE
2023-04-12 17:00:00,Metro Manila,248.87,107.41,ESE
2023-04-12 20:00:00,Metro Manila,224.95,106.41,ESE
2023-04-12 23:00:00,Metro Manila,204.4,108.17,ESE
2023-04-13 02:00:00,Metro Manila,170.18,108.09,ESE
2023-04-13 05:00:00,Metro Manila,139.86,112.28,ESE
2023-04-13 08:00:00,Metro Manila,95.97,116.02,ESE
2023-04-13 11:00:00,Metro Manila,57.43,110.33,ESE
2023-04-13 14:00:00,Metro Manila,21.64,84.08,E
2023-04-11 08:00:00,Misamis Occidental,660.74,28.35,NNE
2023-04-11 11:00:00,Misamis Occidental,646.57,23.67,NNE
2023-04-11 14:00:00,Misamis Occidental,633.51,17.89,NNE
2023-04-11 17:00:00,Misamis Occidental,616.39,12.15,NNE
2023-04-11 20:00:00,Misamis Occidental,596.13,7.3,N
2023-04-11 23:00:00,Misamis Occidental,592.83,4.18,N
2023-04-12 02:00:00,Misamis Occidental,581.03,3.2,N
2023-04-12 05:00:00,Misamis Occidental,568.98,0.0,N
2023-04-12 08:00:00,Misamis Occidental,580.51,357.86,N
2023-04-12 11:00:00,Misamis Occidental,581.74,355.73,N
2023-04-12 14:00:00,Misamis Occidental,593.73,354.77,N
2023-04-12 17:00:00,Misamis Occidental,605.89,353.85,N
2023-04-12 20:00:00,Misamis Occidental,619.63,351.98,N
2023-04-12 23:00:00,Misamis Occidental,623.07,350.01,N
2023-04-13 02:00:00,Misamis Occidental,640.45,347.33,NNW
2023-04-13 05:00:00,Misamis Occidental,648.47,344.54,NNW
2023-04-13 08:00:00,Misamis Occidental,672.02,341.26,NNW
2023-04-13 11:00:00,Misamis Occidental,704.03,339.36,NNW
2023-04-13 14:00:00,Misamis Occidental,736.75,337.64,NNW
2023-04-11 08:00:00,Misamis Oriental,622.02,20.89,NNE
2023-04-11 11:00:00,Misamis Oriental,615.23,15.81,NNE
2023-04-11 14:00:00,Misamis Oriental,611.51,9.67,N
2023-04-11 17:00:00,Misamis Oriental,603.88,3.59,N
2023-04-11 20:00:00,Misamis Oriental,591.78,358.43,N
2023-04-11 23:00:00,Misamis Oriental,593.59,355.3,N
2023-04-12 02:00:00,Misamis Oriental,583.53,354.15,N
2023-04-12 05:00:00,Misamis Oriental,576.82,350.82,N
2023-04-12 08:00:00,Misamis Oriental,591.63,348.93,N
2023-04-12 11:00:00,Misamis Oriental,596.24,346.89,NNW
2023-04-12 14:00:00,Misamis Oriental,609.6,346.14,NNW
2023-04-12 17:00:00,Misamis Oriental,623.07,345.43,NNW
2023-04-12 20:00:00,Misamis Oriental,639.61,343.81,NNW
2023-04-12 23:00:00,Misamis Oriental,646.08,341.98,NNW
2023-04-13 02:00:00,Misamis Oriental,667.41,339.64,NNW
2023-04-13 05:00:00,Misamis Oriental,679.58,337.08,NNW
2023-04-13 08:00:00,Misamis Oriental,707.81,334.23,NNW
2023-04-13 11:00:00,Misamis Oriental,742.34,332.75,NNW
2023-04-13 14:00:00,Misamis Oriental,777.32,331.41,NNW
2023-04-11 08:00:00,Mountain Province,719.95,120.75,ESE
2023-04-11 11:00:00,Mountain Province,668.61,122.42,ESE
2023-04-11 14:00:00,Mountain Province,609.15,124.94,SE
2023-04-11 17:00:00,Mountain Province,558.12,128.86,SE
2023-04-11 20:00:00,Mountain Province,525.59,133.57,SE
2023-04-11 23:00:00,Mountain Province,502.99,136.16,SE
2023-04-12 02:00:00,Mountain Province,504.0,137.93,SE
2023-04-12 05:00:00,Mountain Province,491.99,141.62,SE
2023-04-12 08:00:00,Mountain Province,470.1,142.88,SE
2023-04-12 11:00:00,Mountain Province,457.59,145.06,SE
2023-04-12 14:00:00,Mountain Province,442.33,145.41,SE
2023-04-12 17:00:00,Mountain Province,427.08,145.77,SE
2023-04-12 20:00:00,Mountain Province,406.03,147.44,SSE
2023-04-12 23:00:00,Mountain Province,395.01,150.1,SSE
2023-04-13 02:00:00,Mountain Province,370.11,153.62,SSE
2023-04-13 05:00:00,Mountain Province,357.11,158.29,SSE
2023-04-13 08:00:00,Mountain Province,332.96,164.51,SSE
2023-04-13 11:00:00,Mountain Province,304.03,169.29,S
2023-04-13 14:00:00,Mountain Province,277.61,175.01,S
2023-04-11 08:00:00,Negros Occidental,528.77,50.04,NE
2023-04-11 11:00:00,Negros Occidental,495.81,45.09,NE
2023-04-11 14:00:00,Negros Occidental,460.29,38.44,NE
2023-04-11 17:00:00,Negros Occidental,422.6,31.59,NNE
2023-04-11 20:00:00,Negros Occidental,386.65,25.66,NNE
2023-04-11 23:00:00,Negros Occidental,373.6,21.19,NNE
2023-04-12 02:00:00,Negros Occidental,359.35,20.24,NNE
2023-04-12 05:00:00,Negros Occidental,338.65,15.75,NNE
2023-04-12 08:00:00,Negros Occidental,344.25,11.78,NNE
2023-04-12 11:00:00,Negros Occidental,340.45,8.21,N
2023-04-12 14:00:00,Negros Occidental,350.11,6.2,N
2023-04-12 17:00:00,Negros Occidental,360.18,4.3,N
2023-04-12 20:00:00,Negros Occidental,370.32,0.84,N
2023-04-12 23:00:00,Negros Occidental,370.64,357.5,N
2023-04-13 02:00:00,Negros Occidental,384.52,352.74,N
2023-04-13 05:00:00,Negros Occidental,390.0,348.02,NNW
2023-04-13 08:00:00,Negros Occidental,411.9,342.47,NNW
2023-04-13 11:00:00,Negros Occidental,443.6,339.37,NNW
2023-04-13 14:00:00,Negros Occidental,476.45,336.7,NNW
2023-04-11 08:00:00,Negros Oriental,612.12,36.91,NE
2023-04-11 11:00:00,Negros Oriental,590.12,32.09,NNE
2023-04-11 14:00:00,Negros Oriental,567.82,25.96,NNE
2023-04-11 17:00:00,Negros Oriental,542.18,19.8,NNE
2023-04-11 20:00:00,Negros Oriental,515.33,14.58,NNE
2023-04-11 23:00:00,Negros Oriental,508.03,11.04,N
2023-04-12 02:00:00,Negros Oriental,495.1,10.06,N
2023-04-12 05:00:00,Negros Oriental,479.35,6.48,N
2023-04-12 08:00:00,Negros Oriental,488.46,3.81,N
2023-04-12 11:00:00,Negros Oriental,487.49,1.27,N
2023-04-12 14:00:00,Negros Oriental,498.49,0.0,N
2023-04-12 17:00:00,Negros Oriental,509.72,358.79,N
2023-04-12 20:00:00,Negros Oriental,521.75,356.44,N
2023-04-12 23:00:00,Negros Oriental,523.56,354.08,N
2023-04-13 02:00:00,Negros Oriental,538.93,350.78,N
2023-04-13 05:00:00,Negros Oriental,545.16,347.42,NNW
2023-04-13 08:00:00,Negros Oriental,566.97,343.41,NNW
2023-04-13 11:00:00,Negros Oriental,598.16,341.06,NNW
2023-04-13 14:00:00,Negros Oriental,630.26,338.96,NNW
2023-04-11 08:00:00,Northern Samar,261.95,57.73,ENE
2023-04-11 11:00:00,Northern Samar,225.18,48.02,NE
2023-04-11 14:00:00,Northern Samar,191.24,32.43,NNE
2023-04-11 17:00:00,Northern Samar,165.63,13.19,NNE
2023-04-11 20:00:00,Northern Samar,150.99,353.84,N
2023-04-11 23:00:00,Northern Samar,157.82,342.07,NNW
2023-04-12 02:00:00,Northern Samar,151.22,336.86,NNW
2023-04-12 05:00:00,Northern Samar,157.58,324.34,NW
2023-04-12 08:00:00,Northern Samar,179.59,320.83,NW
2023-04-12 11:00:00,Northern Samar,194.03,315.89,NW
2023-04-12 14:00:00,Northern Samar,209.53,315.91,NW
2023-04-12 17:00:00,Northern Samar,225.03,315.93,NW
2023-04-12 20:00:00,Northern Samar,248.2,314.17,NW
2023-04-12 23:00:00,Northern Samar,264.21,310.93,NW
2023-04-13 02:00:00,Northern Samar,296.31,308.5,NW
2023-04-13 05:00:00,Northern Samar,322.43,304.96,NW
2023-04-13 08:00:00,Northern Samar,364.62,302.58,WNW
2023-04-13 11:00:00,Northern Samar,403.82,302.83,WNW
2023-04-13 14:00:00,Northern Samar,443.0,303.05,WNW
2023-04-11 08:00:00,Nueva Ecija,647.55,107.06,ESE
2023-04-11 11:00:00,Nueva Ecija,592.83,107.69,ESE
2023-04-11 14:00:00,Nueva Ecija,528.06,108.83,ESE
2023-04-11 17:00:00,Nueva Ecija,467.7,111.54,ESE
2023-04-11 20:00:00,Nueva Ecija,423.21,115.74,ESE
2023-04-11 23:00:00,Nueva Ecija,394.51,117.85,ESE
2023-04-12 02:00:00,Nueva Ecija,390.65,120.04,ESE
2023-04-12 05:00:00,Nueva Ecija,369.42,124.1,SE
2023-04-12 08:00:00,Nueva Ecija,345.34,124.63,SE
2023-04-12 11:00:00,Nueva Ecija,327.94,126.81,SE
2023-04-12 14:00:00,Nueva Ecija,312.61,126.4,SE
2023-04-12 17:00:00,Nueva Ecija,297.31,125.93,SE
2023-04-12 20:00:00,Nueva Ecija,273.37,126.75,SE
2023-04-12 23:00:00,Nueva Ecija,256.53,129.67,SE
2023-04-13 02:00:00,Nueva Ecija,224.95,132.81,SE
2023-04-13 05:00:00,Nueva Ecija,202.56,139.09,SE
2023-04-13 08:00:00,Nueva Ecija,167.98,147.81,SSE
2023-04-13 11:00:00,Nueva Ecija,132.91,154.56,SSE
2023-04-13 14:00:00,Nueva Ecija,100.92,165.8,SSE
2023-04-11 08:00:00,Nueva Vizcaya,671.34,116.7,ESE
2023-04-11 11:00:00,Nueva Vizcaya,618.65,118.15,ESE
2023-04-11 14:00:00,Nueva Vizcaya,557.2,120.43,ESE
2023-04-11 17:00:00,Nueva Vizcaya,503.13,124.29,SE
2023-04-11 20:00:00,Nueva Vizcaya,467.19,129.23,SE
2023-04-11 23:00:00,Nueva Vizcaya,442.89,131.94,SE
2023-04-12 02:00:00,Nueva Vizcaya,442.77,133.94,SE
2023-04-12 05:00:00,Nueva Vizcaya,428.63,138.05,SE
2023-04-12 08:00:00,Nueva Vizcaya,406.12,139.31,SE
2023-04-12 11:00:00,Nueva Vizcaya,392.55,141.73,SE
2023-04-12 14:00:00,Nueva Vizcaya,377.16,141.99,SE
2023-04-12 17:00:00,Nueva Vizcaya,361.77,142.28,SE
2023-04-12 20:00:00,Nueva Vizcaya,340.02,144.04,SE
2023-04-12 23:00:00,Nueva Vizcaya,327.96,147.11,SSE
2023-04-13 02:00:00,Nueva Vizcaya,301.95,151.16,SSE
2023-04-13 05:00:00,Nueva Vizcaya,287.91,156.83,SSE
2023-04-13 08:00:00,Nueva Vizcaya,263.25,164.56,SSE
2023-04-13 11:00:00,Nueva Vizcaya,234.64,170.75,S
2023-04-13 14:00:00,Nueva Vizcaya,209.45,178.53,S
2023-04-11 08:00:00,Occidental Mindoro,628.41,75.56,ENE
2023-04-11 11:00:00,Occidental Mindoro,578.85,73.26,ENE
2023-04-11 14:00:00,Occidental Mindoro,520.23,70.15,ENE
2023-04-11 17:00:00,Occidental Mindoro,459.44,67.53,ENE
2023-04-11 20:00:00,Occidental Mindoro,405.27,66.18,ENE
2023-04-11 23:00:00,Occidental Mindoro,375.69,64.24,ENE
2023-04-12 02:00:00,Occidental Mindoro,361.23,65.11,ENE
2023-04-12 05:00:00,Occidental Mindoro,327.13,64.55,ENE
2023-04-12 08:00:00,Occidental Mindoro,312.78,61.04,ENE
2023-04-12 11:00:00,Occidental Mindoro,293.95,59.03,ENE
2023-04-12 14:00:00,Occidental Mindoro,290.67,56.06,NE
2023-04-12 17:00:00,Occidental Mindoro,288.19,53.03,NE
2023-04-12 20:00:00,Occidental Mindoro,278.31,48.54,NE
2023-04-12 23:00:00,Occidental Mindoro,262.42,45.45,NE
2023-04-13 02:00:00,Occidental Mindoro,248.85,38.4,NE
2023-04-13 05:00:00,Occidental Mindoro,230.01,32.09,NNE
2023-04-13 08:00:00,Occidental Mindoro,220.47,21.01,NNE
2023-04-13 11:00:00,Occidental Mindoro,232.71,11.56,NNE
2023-04-13 14:00:00,Occidental Mindoro,250.6,3.27,N
2023-04-11 08:00:00,Oriental Mindoro,597.31,86.15,E
2023-04-11 11:00:00,Oriental Mindoro,544.03,84.72,E
2023-04-11 14:00:00,Oriental Mindoro,480.49,82.84,E
2023-04-11 17:00:00,Oriental Mindoro,416.17,81.88,E
2023-04-11 20:00:00,Oriental Mindoro,361.24,82.54,E
2023-04-11 23:00:00,Oriental Mindoro,329.09,81.88,E
2023-04-12 02:00:00,Oriental Mindoro,317.08,83.62,E
2023-04-12 05:00:00,Oriental Mindoro,283.83,85.2,E
2023-04-12 08:00:00,Oriental Mindoro,263.4,82.44,E
2023-04-12 11:00:00,Oriental Mindoro,241.97,81.82,E
2023-04-12 14:00:00,Oriental Mindoro,233.08,78.75,E
2023-04-12 17:00:00,Oriental Mindoro,224.92,75.45,ENE
2023-04-12 20:00:00,Oriental Mindoro,207.32,71.01,ENE
2023-04-12 23:00:00,Oriental Mindoro,186.99,68.91,ENE
2023-04-13 02:00:00,Oriental Mindoro,162.15,61.16,ENE
2023-04-13 05:00:00,Oriental Mindoro,134.63,54.56,NE
2023-04-13 08:00:00,Oriental Mindoro,111.14,36.76,NE
2023-04-13 11:00:00,Oriental Mindoro,116.34,17.07,NNE
2023-04-13 14:00:00,Oriental Mindoro,133.45,0.79,N
2023-04-11 08:00:00,Palawan,970.42,62.33,ENE
2023-04-11 11:00:00,Palawan,927.43,60.23,ENE
2023-04-11 14:00:00,Palawan,876.61,57.58,ENE
2023-04-11 17:00:00,Palawan,821.82,55.24,NE
2023-04-11 20:00:00,Palawan,770.96,53.71,NE
2023-04-11 23:00:00,Palawan,744.71,52.27,NE
2023-04-12 02:00:00,Palawan,729.41,52.46,NE
2023-04-12 05:00:00,Palawan,696.81,51.61,NE
2023-04-12 08:00:00,Palawan,686.74,49.78,NE
2023-04-12 11:00:00,Palawan,670.15,48.6,NE
2023-04-12 14:00:00,Palawan,669.33,47.28,NE
2023-04-12 17:00:00,Palawan,668.87,45.95,NE
2023-04-12 20:00:00,Palawan,661.13,43.96,NE
2023-04-12 23:00:00,Palawan,646.1,42.6,NE
2023-04-13 02:00:00,Palawan,632.71,39.78,NE
2023-04-13 05:00:00,Palawan,612.18,37.47,NE
2023-04-13 08:00:00,Palawan,595.69,33.54,NNE
2023-04-13 11:00:00,Palawan,597.25,29.77,NNE
2023-04-13 14:00:00,Palawan,601.42,26.03,NNE
2023-04-11 08:00:00,Pampanga,664.83,102.12,ESE
2023-04-11 11:00:00,Pampanga,609.73,102.3,ESE
2023-04-11 14:00:00,Pampanga,544.17,102.76,ESE
2023-04-11 17:00:00,Pampanga,481.56,104.62,ESE
2023-04-11 20:00:00,Pampanga,433.31,107.96,ESE
2023-04-11 23:00:00,Pampanga,402.8,109.46,ESE
2023-04-12 02:00:00,Pampanga,396.78,111.5,ESE
2023-04-12 05:00:00,Pampanga,371.7,114.99,ESE
2023-04-12 08:00:00,Pampanga,347.41,114.89,ESE
2023-04-12 11:00:00,Pampanga,328.05,116.52,ESE
2023-04-12 14:00:00,Pampanga,313.41,115.61,ESE
2023-04-12 17:00:00,Pampanga,298.85,114.61,ESE
2023-04-12 20:00:00,Pampanga,274.59,114.43,ESE
2023-04-12 23:00:00,Pampanga,255.19,116.48,ESE
2023-04-13 02:00:00,Pampanga,221.36,117.72,ESE
2023-04-13 05:00:00,Pampanga,193.43,122.24,ESE
2023-04-13 08:00:00,Pampanga,151.74,127.48,SE
2023-04-13 11:00:00,Pampanga,112.58,128.59,SE
2023-04-13 14:00:00,Pampanga,73.53,130.84,SE
2023-04-11 08:00:00,Pangasinan,741.52,109.5,ESE
2023-04-11 11:00:00,Pangasinan,687.19,110.26,ESE
2023-04-11 14:00:00,Pangasinan,623.05,111.52,ESE
2023-04-11 17:00:00,Pangasinan,563.92,114.08,ESE
2023-04-11 20:00:00,Pangasinan,520.89,117.72,ESE
2023-04-11 23:00:00,Pangasinan,492.75,119.54,ESE
2023-04-12 02:00:00,Pangasinan,489.33,121.31,ESE
2023-04-12 05:00:00,Pangasinan,468.61,124.58,SE
2023-04-12 08:00:00,Pangasinan,444.57,125.03,SE
2023-04-12 11:00:00,Pangasinan,427.25,126.72,SE
2023-04-12 14:00:00,Pangasinan,411.92,126.41,SE
2023-04-12 17:00:00,Pangasinan,396.6,126.08,SE
2023-04-12 20:00:00,Pangasinan,372.68,126.7,SE
2023-04-12 23:00:00,Pangasinan,355.78,128.81,SE
2023-04-13 02:00:00,Pangasinan,323.94,130.93,SE
2023-04-13 05:00:00,Pangasinan,300.47,135.02,SE
2023-04-13 08:00:00,Pangasinan,263.3,140.02,SE
2023-04-13 11:00:00,Pangasinan,225.82,142.74,SE
2023-04-13 14:00:00,Pangasinan,189.04,146.51,SSE
2023-04-11 08:00:00,Quezon,546.14,92.49,E
2023-04-11 11:00:00,Quezon,491.6,91.59,E
2023-04-11 14:00:00,Quezon,426.46,90.49,E
2023-04-11 17:00:00,Quezon,361.72,90.74,E
2023-04-11 20:00:00,Quezon,308.3,93.07,E
2023-04-11 23:00:00,Quezon,275.98,93.51,E
2023-04-12 02:00:00,Quezon,266.27,96.06,E
2023-04-12 05:00:00,Quezon,235.81,99.65,E
2023-04-12 08:00:00,Quezon,212.7,97.73,E
2023-04-12 11:00:00,Quezon,191.34,98.65,E
2023-04-12 14:00:00,Quezon,179.16,95.68,E
2023-04-12 17:00:00,Quezon,167.55,92.29,E
2023-04-12 20:00:00,Quezon,145.82,88.31,E
2023-04-12 23:00:00,Quezon,124.25,88.07,E
2023-04-13 02:00:00,Quezon,93.02,80.61,E
2023-04-13 05:00:00,Quezon,61.31,75.76,ENE
2023-04-13 08:00:00,Quezon,30.79,31.91,NNE
2023-04-13 11:00:00,Quezon,50.97,341.65,NNW
2023-04-13 14:00:00,Quezon,85.6,325.63,NW
2023-04-11 08:00:00,Quirino,643.58,119.17,ESE
2023-04-11 11:00:00,Quirino,591.66,120.9,ESE
2023-04-11 14:00:00,Quirino,531.45,123.59,ESE
2023-04-11 17:00:00,Quirino,479.55,128.0,SE
2023-04-11 20:00:00,Quirino,446.51,133.47,SE
2023-04-11 23:00:00,Quirino,423.9,136.52,SE
2023-04-12 02:00:00,Quirino,425.0,138.61,SE
2023-04-12 05:00:00,Quirino,413.49,143.03,SE
2023-04-12 08:00:00,Quirino,391.87,144.61,SE
2023-04-12 11:00:00,Quirino,379.93,147.28,SSE
2023-04-12 14:00:00,Quirino,364.78,147.79,SSE
2023-04-12 17:00:00,Quirino,349.66,148.33,SSE
2023-04-12 20:00:00,Quirino,329.2,150.54,SSE
2023-04-12 23:00:00,Quirino,319.27,153.93,SSE
2023-04-13 02:00:00,Quirino,296.19,158.64,SSE
2023-04-13 05:00:00,Quirino,286.12,164.7,SSE
2023-04-13 08:00:00,Quirino,266.92,173.04,S
2023-04-13 11:00:00,Quirino,242.74,180.0,S
2023-04-13 14:00:00,Quirino,222.83,188.33,S
2023-04-11 08:00:00,Rizal,604.6,98.66,E
2023-04-11 11:00:00,Rizal,549.49,98.49,E
2023-04-11 14:00:00,Rizal,483.77,98.48,E
2023-04-11 17:00:00,Rizal,420.03,99.94,E
2023-04-11 20:00:00,Rizal,369.69,103.21,ESE
2023-04-11 23:00:00,Rizal,338.35,104.54,ESE
2023-04-12 02:00:00,Rizal,331.14,106.89,ESE
2023-04-12 05:00:00,Rizal,304.27,110.73,ESE
2023-04-12 08:00:00,Rizal,280.11,110.22,ESE
2023-04-12 11:00:00,Rizal,260.02,111.91,ESE
2023-04-12 14:00:00,Rizal,245.87,110.48,ESE
2023-04-12 17:00:00,Rizal,231.9,108.86,ESE
2023-04-12 20:00:00,Rizal,207.88,107.94,ESE
2023-04-12 23:00:00,Rizal,187.52,110.02,ESE
2023-04-13 02:00:00,Rizal,153.32,110.34,ESE
2023-04-13 05:00:00,Rizal,123.57,115.63,ESE
2023-04-13 08:00:00,Rizal,80.39,121.91,ESE
2023-04-13 11:00:00,Rizal,41.22,119.54,ESE
2023-04-13 14:00:00,Rizal,4.02,61.97,ENE
2023-04-11 08:00:00,Romblon,529.22,73.63,ENE
2023-04-11 11:00:00,Romblon,480.75,70.64,ENE
2023-04-11 14:00:00,Romblon,423.98,66.43,ENE
2023-04-11 17:00:00,Romblon,365.14,62.49,ENE
2023-04-11 20:00:00,Romblon,312.31,59.82,ENE
2023-04-11 23:00:00,Romblon,284.6,56.6,ENE
2023-04-12 02:00:00,Romblon,269.52,57.33,ENE
2023-04-12 05:00:00,Romblon,236.3,55.42,NE
2023-04-12 08:00:00,Romblon,225.68,49.99,NE
2023-04-12 11:00:00,Romblon,209.51,46.22,NE
2023-04-12 14:00:00,Romblon,209.89,41.98,NE
2023-04-12 17:00:00,Romblon,211.43,37.78,NE
2023-04-12 20:00:00,Romblon,208.26,31.21,NNE
2023-04-12 23:00:00,Romblon,197.87,25.87,NNE
2023-04-13 02:00:00,Romblon,196.62,15.92,NNE
2023-04-13 05:00:00,Romblon,190.27,6.51,N
2023-04-13 08:00:00,Romblon,201.32,353.85,N
2023-04-13 11:00:00,Romblon,228.87,346.39,NNW
2023-04-13 14:00:00,Romblon,259.47,340.62,NNW
2023-04-11 08:00:00,Samar,290.29,42.56,NE
2023-04-11 11:00:00,Samar,265.88,32.34,NNE
2023-04-11 14:00:00,Samar,247.9,18.2,NNE
2023-04-11 17:00:00,Samar,235.74,3.07,N
2023-04-11 20:00:00,Samar,228.09,349.55,N
2023-04-11 23:00:00,Samar,236.19,341.8,NNW
2023-04-12 02:00:00,Samar,229.45,338.36,NNW
2023-04-12 05:00:00,Samar,233.71,329.94,NNW
2023-04-12 08:00:00,Samar,254.55,327.0,NNW
2023-04-12 11:00:00,Samar,267.03,323.12,NW
2023-04-12 14:00:00,Samar,282.42,322.74,NW
2023-04-12 17:00:00,Samar,297.83,322.4,NW
2023-04-12 20:00:00,Samar,320.04,320.58,NW
2023-04-12 23:00:00,Samar,334.28,317.74,NW
2023-04-13 02:00:00,Samar,364.77,315.19,NW
2023-04-13 05:00:00,Samar,388.46,311.84,NW
2023-04-13 08:00:00,Samar,428.71,309.16,NW
2023-04-13 11:00:00,Samar,467.86,308.83,NW
2023-04-13 14:00:00,Samar,507.01,308.56,NW
2023-04-11 08:00:00,Sarangani,861.06,10.27,N
2023-04-11 11:00:00,Sarangani,863.94,6.6,N
2023-04-11 14:00:00,Sarangani,869.9,2.26,N
2023-04-11 17:00:00,Sarangani,869.76,357.98,N
2023-04-11 20:00:00,Sarangani,862.36,354.36,N
2023-04-11 23:00:00,Sarangani,866.24,352.22,N
2023-04-12 02:00:00,Sarangani,856.81,351.4,N
2023-04-12 05:00:00,Sarangani,851.47,349.12,N
2023-04-12 08:00:00,Sarangani,866.77,347.86,NNW
2023-04-12 11:00:00,Sarangani,871.69,346.46,NNW
2023-04-12 14:00:00,Sarangani,885.11,345.96,NNW
2023-04-12 17:00:00,Sarangani,898.59,345.46,NNW
2023-04-12 20:00:00,Sarangani,915.07,344.33,NNW
2023-04-12 23:00:00,Sarangani,921.28,343.04,NNW
2023-04-13 02:00:00,Sarangani,941.99,341.36,NNW
2023-04-13 05:00:00,Sarangani,953.1,339.51,NNW
2023-04-13 08:00:00,Sarangani,979.65,337.39,NNW
2023-04-13 11:00:00,Sarangani,1013.06,336.2,NNW
2023-04-13 14:00:00,Sarangani,1046.89,335.09,NNW
2023-04-11 08:00:00,Siquijor,606.78,34.52,NE
2023-04-11 11:00:00,Siquijor,587.01,29.57,NNE
2023-04-11 14:00:00,Siquijor,567.56,23.33,NNE
2023-04-11 17:00:00,Siquijor,544.78,17.07,NNE
2023-04-11 20:00:00,Siquijor,520.34,11.75,NNE
2023-04-11 23:00:00,Siquijor,514.63,8.21,N
2023-04-12 02:00:00,Siquijor,502.14,7.18,N
2023-04-12 05:00:00,Siquijor,487.99,3.56,N
2023-04-12 08:00:00,Siquijor,498.23,0.99,N
2023-04-12 11:00:00,Siquijor,498.32,358.51,N
2023-04-12 14:00:00,Siquijor,509.84,357.33,N
2023-04-12 17:00:00,Siquijor,521.56,356.2,N
2023-04-12 20:00:00,Siquijor,534.52,353.97,N
2023-04-12 23:00:00,Siquijor,537.26,351.68,N
2023-04-13 02:00:00,Siquijor,553.88,348.53,NNW
2023-04-13 05:00:00,Siquijor,561.34,345.29,NNW
2023-04-13 08:00:00,Siquijor,584.54,341.48,NNW
2023-04-13 11:00:00,Siquijor,616.49,339.31,NNW
2023-04-13 14:00:00,Siquijor,649.26,337.35,NNW
2023-04-11 08:00:00,Sorsogon,303.2,74.16,ENE
2023-04-11 11:00:00,Sorsogon,255.25,68.55,ENE
2023-04-11 14:00:00,Sorsogon,201.59,58.95,ENE
2023-04-11 17:00:00,Sorsogon,149.63,46.17,NE
2023-04-11 20:00:00,Sorsogon,106.97,30.31,NNE
2023-04-11 23:00:00,Sorsogon,94.79,13.17,NNE
2023-04-12 02:00:00,Sorsogon,81.89,7.58,N
2023-04-12 05:00:00,Sorsogon,73.32,342.85,NNW
2023-04-12 08:00:00,Sorsogon,91.99,331.98,NNW
2023-04-12 11:00:00,Sorsogon,103.94,321.42,NW
2023-04-12 14:00:00,Sorsogon,119.38,320.71,NW
2023-04-12 17:00:00,Sorsogon,134.83,320.17,NW
2023-04-12 20:00:00,Sorsogon,157.51,316.76,NW
2023-04-12 23:00:00,Sorsogon,173.07,311.57,NW
2023-04-13 02:00:00,Sorsogon,205.14,307.94,NW
2023-04-13 05:00:00,Sorsogon,231.63,303.06,WNW
2023-04-13 08:00:00,Sorsogon,274.31,300.16,WNW
2023-04-13 11:00:00,Sorsogon,313.42,300.78,WNW
2023-04-13 14:00:00,Sorsogon,352.53,301.27,WNW
2023-04-11 08:00:00,South Cotabato,825.79,14.04,NNE
2023-04-11 11:00:00,South Cotabato,825.04,10.21,N
2023-04-11 14:00:00,South Cotabato,826.92,5.63,N
2023-04-11 17:00:00,South Cotabato,823.01,1.13,N
2023-04-11 20:00:00,South Cotabato,812.63,357.33,N
2023-04-11 23:00:00,South Cotabato,814.83,355.04,N
2023-04-12 02:00:00,South Cotabato,804.8,354.21,N
2023-04-12 05:00:00,South Cotabato,797.8,351.8,N
2023-04-12 08:00:00,South Cotabato,812.2,350.4,N
2023-04-12 11:00:00,South Cotabato,816.17,348.91,N
2023-04-12 14:00:00,South Cotabato,829.24,348.32,NNW
2023-04-12 17:00:00,South Cotabato,842.39,347.76,NNW
2023-04-12 20:00:00,South Cotabato,858.14,346.51,NNW
2023-04-12 23:00:00,South Cotabato,863.56,345.12,NNW
2023-04-13 02:00:00,South Cotabato,883.26,343.28,NNW
2023-04-13 05:00:00,South Cotabato,893.35,341.29,NNW
2023-04-13 08:00:00,South Cotabato,918.8,338.97,NNW
2023-04-13 11:00:00,South Cotabato,951.64,337.65,NNW
2023-04-13 14:00:00,South Cotabato,984.95,336.42,NNW
2023-04-11 08:00:00,Southern Leyte,444.76,26.72,NNE
2023-04-11 11:00:00,Southern Leyte,433.38,19.67,NNE
2023-04-11 14:00:00,Southern Leyte,426.74,10.94,N
2023-04-11 17:00:00,Southern Leyte,419.19,2.22,N
2023-04-11 20:00:00,Southern Leyte,409.52,354.7,N
2023-04-11 23:00:00,Southern Leyte,413.83,350.23,N
2023-04-12 02:00:00,Southern Leyte,404.94,348.45,NNW
2023-04-12 05:00:00,Southern Leyte,402.08,343.6,NNW
2023-04-12 08:00:00,Southern Leyte,419.29,341.2,NNW
2023-04-12 11:00:00,Southern Leyte,426.84,338.46,NNW
2023-04-12 14:00:00,Southern Leyte,441.22,337.69,NNW
2023-04-12 17:00:00,Southern Leyte,455.68,336.98,NNW
2023-04-12 20:00:00,Southern Leyte,474.7,335.12,NNW
2023-04-12 23:00:00,Southern Leyte,484.31,332.8,NNW
2023-04-13 02:00:00,Southern Leyte,509.73,330.16,NNW
2023-04-13 05:00:00,Southern Leyte,526.82,327.12,NNW
2023-04-13 08:00:00,Southern Leyte,560.69,324.06,NW
2023-04-13 11:00:00,Southern Leyte,597.95,322.85,NW
2023-04-13 14:00:00,Southern Leyte,635.45,321.78,NW
2023-04-11 08:00:00,Sultan Kudarat,818.69,16.13,NNE
2023-04-11 11:00:00,Sultan Kudarat,815.91,12.26,NNE
2023-04-11 14:00:00,Sultan Kudarat,815.42,7.63,N
2023-04-11 17:00:00,Sultan Kudarat,809.24,3.07,N
2023-04-11 20:00:00,Sultan Kudarat,797.01,359.22,N
2023-04-11 23:00:00,Sultan Kudarat,798.13,356.89,N
2023-04-12 02:00:00,Sultan Kudarat,787.72,356.06,N
2023-04-12 05:00:00,Sultan Kudarat,779.62,353.62,N
2023-04-12 08:00:00,Sultan Kudarat,793.39,352.15,N
2023-04-12 11:00:00,Sultan Kudarat,796.7,350.61,N
2023-04-12 14:00:00,Sultan Kudarat,809.51,349.99,N
2023-04-12 17:00:00,Sultan Kudarat,822.42,349.38,N
2023-04-12 20:00:00,Sultan Kudarat,837.64,348.07,NNW
2023-04-12 23:00:00,Sultan Kudarat,842.47,346.64,NNW
2023-04-13 02:00:00,Sultan Kudarat,861.43,344.71,NNW
2023-04-13 05:00:00,Sultan Kudarat,870.74,342.66,NNW
2023-04-13 08:00:00,Sultan Kudarat,895.32,340.24,NNW
2023-04-13 11:00:00,Sultan Kudarat,927.66,338.84,NNW
2023-04-13 14:00:00,Sultan Kudarat,960.54,337.54,NNW
2023-04-11 08:00:00,Sulu,1054.92,35.83,NE
2023-04-11 11:00:00,Sulu,1032.71,33.05,NNE
2023-04-11 14:00:00,Sulu,1007.6,29.62,NNE
2023-04-11 17:00:00,Sulu,976.46,26.33,NNE
2023-04-11 20:00:00,Sulu,943.05,23.7,NNE
2023-04-11 23:00:00,Sulu,930.2,21.88,NNE
2023-04-12 02:00:00,Sulu,915.82,21.52,NNE
2023-04-12 05:00:00,Sulu,893.73,19.85,NNE
2023-04-12 08:00:00,Sulu,896.99,18.3,NNE
2023-04-12 11:00:00,Sulu,890.28,16.98,NNE
2023-04-12 14:00:00,Sulu,897.77,16.11,NNE
2023-04-12 17:00:00,Sulu,905.47,15.25,NNE
2023-04-12 20:00:00,Sulu,910.68,13.75,NNE
2023-04-12 23:00:00,Sulu,905.67,12.42,NNE
2023-04-13 02:00:00,Sulu,910.03,10.27,N
2023-04-13 05:00:00,Sulu,904.69,8.25,N
2023-04-13 08:00:00,Sulu,910.45,5.45,N
2023-04-13 11:00:00,Sulu,930.09,3.33,N
2023-04-13 14:00:00,Sulu,950.97,1.3,N
2023-04-11 08:00:00,Surigao del Norte,455.66,16.83,NNE
2023-04-11 11:00:00,Surigao del Norte,453.82,9.87,N
2023-04-11 14:00:00,Surigao del Norte,458.31,1.62,N
2023-04-11 17:00:00,Surigao del Norte,461.09,353.54,N
2023-04-11 20:00:00,Surigao del Norte,459.55,346.68,NNW
2023-04-11 23:00:00,Surigao del Norte,468.2,342.82,NNW
2023-04-12 02:00:00,Surigao del Norte,461.04,341.12,NNW
2023-04-12 05:00:00,Surigao del Norte,462.47,336.86,NNW
2023-04-12 08:00:00,Surigao del Norte,481.53,335.03,NNW
2023-04-12 11:00:00,Surigao del Norte,491.17,332.75,NNW
2023-04-12 14:00:00,Surigao del Norte,506.06,332.25,NNW
2023-04-12 17:00:00,Surigao del Norte,520.98,331.78,NNW
2023-04-12 20:00:00,Surigao del Norte,541.27,330.34,NNW
2023-04-12 23:00:00,Surigao del Norte,552.43,328.41,NNW
2023-04-13 02:00:00,Surigao del Norte,579.47,326.28,NNW
2023-04-13 05:00:00,Surigao del Norte,598.33,323.72,NW
2023-04-13 08:00:00,Surigao del Norte,633.78,321.21,NW
2023-04-13 11:00:00,Surigao del Norte,671.61,320.29,NW
2023-04-13 14:00:00,Surigao del Norte,709.58,319.47,NW
2023-04-11 08:00:00,Surigao del Sur,518.24,6.19,N
2023-04-11 11:00:00,Surigao del Sur,526.29,0.2,N
2023-04-11 14:00:00,Surigao del Sur,541.14,353.31,N
2023-04-11 17:00:00,Surigao del Sur,552.64,346.62,NNW
2023-04-11 20:00:00,Surigao del Sur,557.32,340.95,NNW
2023-04-11 23:00:00,Surigao del Sur,568.91,337.86,NNW
2023-04-12 02:00:00,Surigao del Sur,562.96,336.41,NNW
2023-04-12 05:00:00,Surigao del Sur,567.03,332.96,NNW
2023-04-12 08:00:00,Surigao del Sur,587.05,331.59,NNW
2023-04-12 11:00:00,Surigao del Sur,597.81,329.77,NNW
2023-04-12 14:00:00,Surigao del Sur,612.9,329.43,NNW
2023-04-12 17:00:00,Surigao del Sur,628.01,329.12,NNW
2023-04-12 20:00:00,Surigao del Sur,648.89,328.0,NNW
2023-04-12 23:00:00,Surigao del Sur,660.78,326.42,NNW
2023-04-13 02:00:00,Surigao del Sur,688.5,324.72,NW
2023-04-13 05:00:00,Surigao del Sur,708.03,322.6,NW
2023-04-13 08:00:00,Surigao del Sur,743.95,320.51,NW
2023-04-13 11:00:00,Surigao del Sur,781.91,319.76,NW
2023-04-13 14:00:00,Surigao del Sur,819.97,319.09,NW
2023-04-11 08:00:00,Tarlac,686.91,105.83,ESE
2023-04-11 11:00:00,Tarlac,632.07,106.33,ESE
2023-04-11 14:00:00,Tarlac,567.05,107.25,ESE
2023-04-11 17:00:00,Tarlac,506.03,109.57,ESE
2023-04-11 20:00:00,Tarlac,460.37,113.24,ESE
2023-04-11 23:00:00,Tarlac,431.02,115.0,ESE
2023-04-12 02:00:00,Tarlac,426.42,116.98,ESE
2023-04-12 05:00:00,Tarlac,403.71,120.53,ESE
2023-04-12 08:00:00,Tarlac,379.48,120.79,ESE
2023-04-12 11:00:00,Tarlac,361.24,122.59,ESE
2023-04-12 14:00:00,Tarlac,346.12,122.03,ESE
2023-04-12 17:00:00,Tarlac,331.05,121.42,ESE
2023-04-12 20:00:00,Tarlac,306.86,121.8,ESE
2023-04-12 23:00:00,Tarlac,288.87,124.09,SE
2023-04-13 02:00:00,Tarlac,256.09,126.16,SE
2023-04-13 05:00:00,Tarlac,230.93,130.96,SE
2023-04-13 08:00:00,Tarlac,192.25,136.97,SE
2023-04-13 11:00:00,Tarlac,154.22,140.17,SE
2023-04-13 14:00:00,Tarlac,116.98,145.42,SE
2023-04-11 08:00:00,Tawi-Tawi,1227.24,37.78,NE
2023-04-11 11:00:00,Tawi-Tawi,1203.01,35.43,NE
2023-04-11 14:00:00,Tawi-Tawi,1174.96,32.55,NNE
2023-04-11 17:00:00,Tawi-Tawi,1140.54,29.82,NNE
2023-04-11 20:00:00,Tawi-Tawi,1104.23,27.69,NNE
2023-04-11 23:00:00,Tawi-Tawi,1089.17,26.18,NNE
2023-04-12 02:00:00,Tawi-Tawi,1074.38,25.93,NNE
2023-04-12 05:00:00,Tawi-Tawi,1050.19,24.62,NNE
2023-04-12 08:00:00,Tawi-Tawi,1051.31,23.29,NNE
2023-04-12 11:00:00,Tawi-Tawi,1042.74,22.2,NNE
2023-04-12 14:00:00,Tawi-Tawi,1048.91,21.42,NNE
2023-04-12 17:00:00,Tawi-Tawi,1055.27,20.64,NNE
2023-04-12 20:00:00,Tawi-Tawi,1058.11,19.33,NNE
2023-04-12 23:00:00,Tawi-Tawi,1050.98,18.22,NNE
2023-04-13 02:00:00,Tawi-Tawi,1051.7,16.35,NNE
2023-04-13 05:00:00,Tawi-Tawi,1042.82,14.64,NNE
2023-04-13 08:00:00,Tawi-Tawi,1043.35,12.18,NNE
2023-04-13 11:00:00,Tawi-Tawi,1058.7,10.2,N
2023-04-13 14:00:00,Tawi-Tawi,1075.3,8.28,N
2023-04-11 08:00:00,Zambales,745.45,103.24,ESE
2023-04-11 11:00:00,Zambales,690.41,103.5,ESE
2023-04-11 14:00:00,Zambales,624.99,104.05,ESE
2023-04-11 17:00:00,Zambales,562.81,105.8,ESE
2023-04-11 20:00:00,Zambales,515.12,108.75,ESE
2023-04-11 23:00:00,Zambales,484.77,110.05,ESE
2023-04-12 02:00:00,Zambales,478.91,111.75,ESE
2023-04-12 05:00:00,Zambales,453.89,114.64,ESE
2023-04-12 08:00:00,Zambales,429.59,114.54,ESE
2023-04-12 11:00:00,Zambales,410.19,115.84,ESE
2023-04-12 14:00:00,Zambales,395.57,115.1,ESE
2023-04-12 17:00:00,Zambales,381.04,114.31,ESE
2023-04-12 20:00:00,Zambales,356.78,114.16,ESE
2023-04-12 23:00:00,Zambales,337.33,115.7,ESE
2023-04-13 02:00:00,Zambales,303.43,116.54,ESE
2023-04-13 05:00:00,Zambales,275.03,119.61,ESE
2023-04-13 08:00:00,Zambales,232.46,122.58,ESE
2023-04-13 11:00:00,Zambales,193.24,122.27,ESE
2023-04-13 14:00:00,Zambales,154.06,121.78,ESE
2023-04-11 08:00:00,Zamboanga Sibugay,796.85,34.0,NE
2023-04-11 11:00:00,Zamboanga Sibugay,776.9,30.24,NNE
2023-04-11 14:00:00,Zamboanga Sibugay,755.71,25.58,NNE
2023-04-11 17:00:00,Zamboanga Sibugay,729.55,20.99,NNE
2023-04-11 20:00:00,Zamboanga Sibugay,701.03,17.21,NNE
2023-04-11 23:00:00,Zamboanga Sibugay,691.96,14.64,NNE
2023-04-12 02:00:00,Zamboanga Sibugay,678.47,14.0,NNE
2023-04-12 05:00:00,Zamboanga Sibugay,660.34,11.51,NNE
2023-04-12 08:00:00,Zamboanga Sibugay,667.25,9.49,N
2023-04-12 11:00:00,Zamboanga Sibugay,663.96,7.65,N
2023-04-12 14:00:00,Zamboanga Sibugay,673.62,6.61,N
2023-04-12 17:00:00,Zamboanga Sibugay,683.51,5.6,N
2023-04-12 20:00:00,Zamboanga Sibugay,692.8,3.73,N
2023-04-12 23:00:00,Zamboanga Sibugay,691.7,1.94,N
2023-04-13 02:00:00,Zamboanga Sibugay,702.48,359.27,N
2023-04-13 05:00:00,Zamboanga Sibugay,703.66,356.63,N
2023-04-13 08:00:00,Zamboanga Sibugay,718.63,353.24,N
2023-04-13 11:00:00,Zamboanga Sibugay,745.19,350.97,N
2023-04-13 14:00:00,Zamboanga Sibugay,772.86,348.87,N
2023-04-11 08:00:00,Zamboanga del Norte,678.68,32.46,NNE
2023-04-11 11:00:00,Zamboanga del Norte,660.54,27.99,NNE
2023-04-11 14:00:00,Zamboanga del Norte,642.44,22.42,NNE
2023-04-11 17:00:00,Zamboanga del Norte,620.23,16.89,NNE
2023-04-11 20:00:00,Zamboanga del Norte,595.63,12.23,NNE
2023-04-11 23:00:00,Zamboanga del Norte,589.51,9.15,N
2023-04-12 02:00:00,Zamboanga del Norte,576.86,8.27,N
2023-04-12 05:00:00,Zamboanga del Norte,561.96,5.16,N
2023-04-12 08:00:00,Zamboanga del Norte,571.51,2.9,N
2023-04-12 11:00:00,Zamboanga del Norte,570.81,0.73,N
2023-04-12 14:00:00,Zamboanga del Norte,581.89,359.65,N
2023-04-12 17:00:00,Zamboanga del Norte,593.18,358.61,N
2023-04-12 20:00:00,Zamboanga del Norte,605.21,356.59,N
2023-04-12 23:00:00,Zamboanga del Norte,606.91,354.55,N
2023-04-13 02:00:00,Zamboanga del Norte,621.9,351.68,N
2023-04-13 05:00:00,Zamboanga del Norte,627.51,348.75,N
2023-04-13 08:00:00,Zamboanga del Norte,648.25,345.21,NNW
2023-04-13 11:00:00,Zamboanga del Norte,678.63,343.06,NNW
2023-04-13 14:00:00,Zamboanga del Norte,709.9,341.1,NNW
2023-04-11 08:00:00,Zamboanga del Sur,743.98,28.4,NNE
2023-04-11 11:00:00,Zamboanga del Sur,729.46,24.25,NNE
2023-04-11 14:00:00,Zamboanga del Sur,715.3,19.15,NNE
2023-04-11 17:00:00,Zamboanga del Sur,696.37,14.11,NNE
2023-04-11 20:00:00,Zamboanga del Sur,674.03,9.89,N
2023-04-11 23:00:00,Zamboanga del Sur,669.13,7.15,N
2023-04-12 02:00:00,Zamboanga del Sur,656.8,6.34,N
2023-04-12 05:00:00,Zamboanga del Sur,642.87,3.57,N
2023-04-12 08:00:00,Zamboanga del Sur,652.98,1.61,N
2023-04-12 11:00:00,Zamboanga del Sur,652.72,359.72,N
2023-04-12 14:00:00,Zamboanga del Sur,663.99,358.79,N
2023-04-12 17:00:00,Zamboanga del Sur,675.42,357.89,N
2023-04-12 20:00:00,Zamboanga del Sur,687.68,356.12,N
2023-04-12 23:00:00,Zamboanga del Sur,689.51,354.33,N
2023-04-13 02:00:00,Zamboanga del Sur,704.54,351.8,N
2023-04-13 05:00:00,Zamboanga del Sur,709.99,349.21,N
2023-04-13 08:00:00,Zamboanga del Sur,730.29,346.05,NNW
2023-04-13 11:00:00,Zamboanga del Sur,760.26,344.1,NNW
2023-04-13 14:00:00,Zamboanga del Sur,791.06,342.3,NNW
