date,province,latitude,longitude,wind_speed_10m_max,wind_gusts_10m_max,precipitation_hours,precipitation_sum
2019-07-14 00:00:00+00:00,Abra,17.60984,120.725334,14.618837,32.399998,10.0,11.1
2019-07-14 00:00:00+00:00,Agusan del Norte,8.963093,125.548836,11.212135,30.960001,19.0,6.3999996
2019-07-14 00:00:00+00:00,Agusan del Sur,8.611599,125.938034,9.693296,21.599998,24.0,12.9
2019-07-14 00:00:00+00:00,Aklan,11.704745,122.361359,12.661564,25.919998,17.0,14.4
2019-07-14 00:00:00+00:00,Albay,13.110721,123.770493,11.885453,29.16,22.0,10.6
2019-07-14 00:00:00+00:00,Antique,10.720562,121.961136,12.9249525,26.64,24.0,29.0
2019-07-14 00:00:00+00:00,Apayao,17.820738,121.425804,12.57426,30.239998,8.0,3.9999998
2019-07-14 00:00:00+00:00,Aurora,15.782074,121.5,10.08,24.119999,7.0,2.2
2019-07-14 00:00:00+00:00,Basilan,6.713532,122.018501,22.104116,47.519997,18.0,6.7
2019-07-14 00:00:00+00:00,Bataan,14.657293,120.529739,13.37825,29.88,13.0,4.1
2019-07-14 00:00:00+00:00,Batanes,20.421791,121.961777,26.758923,37.8,0.0,0.0
2019-07-14 00:00:00+00:00,Batangas,13.743409,121.074379,17.654688,36.719997,21.0,14.6
2019-07-14 00:00:00+00:00,Benguet,16.48506,120.685715,10.144082,32.039997,8.0,9.599999
2019-07-14 00:00:00+00:00,Biliran,11.564148,124.473213,11.879999,31.68,24.0,34.0
2019-07-14 00:00:00+00:00,Bohol,9.66608,123.897125,16.870138,33.12,24.0,11.299999
2019-07-14 00:00:00+00:00,Bukidnon,8.119508,125.183914,12.522619,29.16,24.0,38.899998
2019-07-14 00:00:00+00:00,Bulacan,14.86819,120.782852,13.276144,27.359999,16.0,16.100002
2019-07-14 00:00:00+00:00,Cagayan,17.60984,121.682785,15.0038395,33.12,7.0,2.8
2019-07-14 00:00:00+00:00,Camarines Norte,14.094903,122.96125,7.9036193,21.599998,18.0,3.4
2019-07-14 00:00:00+00:00,Camarines Sur,13.602812,123.244728,11.720751,23.4,18.0,9.5
2019-07-14 00:00:00+00:00,Camiguin,9.244288,124.735474,19.406637,56.88,22.0,26.2
2019-07-14 00:00:00+00:00,Capiz,11.564148,122.785713,12.641076,29.16,20.0,16.099998
2019-07-14 00:00:00+00:00,Catanduanes,13.602812,124.317139,8.28,21.599998,19.0,16.300001
2019-07-14 00:00:00+00:00,Cavite,14.305799,120.888069,16.418526,32.399998,13.0,7.1999993
2019-07-14 00:00:00+00:00,Cebu,10.29877,123.769775,12.303366,30.239998,18.0,11.199999
2019-07-14 00:00:00+00:00,Cotabato,6.994728,125.0886,8.161764,33.12,24.0,31.100002
2019-07-14 00:00:00+00:00,Davao Occidental,6.432337,125.532265,9.826088,30.599998,19.0,16.6
2019-07-14 00:00:00+00:00,Davao Oriental,6.924429,126.273178,18.486622,45.0,20.0,15.2
2019-07-14 00:00:00+00:00,Davao de Oro,7.627417,125.969391,11.298495,35.28,14.0,7.5
2019-07-14 00:00:00+00:00,Davao del Norte,7.41652,125.801529,17.462782,47.16,20.0,8.999999
2019-07-14 00:00:00+00:00,Davao del Sur,6.783832,125.378792,19.67195,39.6,23.0,24.800001
2019-07-14 00:00:00+00:00,Dinagat Islands,10.087873,125.574059,21.897945,47.88,23.0,20.099998
2019-07-14 00:00:00+00:00,Eastern Samar,11.634446,125.388748,13.910169,32.399998,18.0,22.2
2019-07-14 00:00:00+00:00,Guimaras,10.579965,122.619049,16.039202,33.839996,24.0,17.099998
2019-07-14 00:00:00+00:00,Ifugao,16.836554,121.17704,9.565437,24.119999,9.0,2.3999999
2019-07-14 00:00:00+00:00,Ilocos Norte,18.172232,120.614037,12.594856,28.08,11.0,4.8
2019-07-14 00:00:00+00:00,Ilocos Sur,17.539541,120.434784,11.681987,26.64,11.0,2.4999998
2019-07-14 00:00:00+00:00,Iloilo,11.001758,122.632973,20.945072,41.760002,20.0,16.2
2019-07-14 00:00:00+00:00,Isabela,17.11775,121.902016,12.682018,22.68,5.0,8.7
2019-07-14 00:00:00+00:00,Kalinga,17.469244,121.447876,11.525623,27.359999,9.0,2.4
2019-07-14 00:00:00+00:00,La Union,16.625658,120.314888,10.137692,24.119999,19.0,4.6
2019-07-14 00:00:00+00:00,Laguna,14.305799,121.470863,12.015589,32.399998,18.0,4.2999997
2019-07-14 00:00:00+00:00,Lanao del Norte,8.260105,124.318771,5.1919937,23.4,22.0,20.3
2019-07-14 00:00:00+00:00,Lanao del Sur,7.97891,124.355255,22.406927,41.039997,22.0,29.4
2019-07-14 00:00:00+00:00,Leyte,11.212654,124.959999,7.386582,29.16,21.0,14.099998
2019-07-14 00:00:00+00:00,Maguindanao del Norte,6.994728,124.40506,8.534353,37.8,24.0,50.100006
2019-07-14 00:00:00+00:00,Maguindanao del Sur,6.713532,124.819176,8.707237,37.8,24.0,28.699997
2019-07-14 00:00:00+00:00,Marinduque,13.462214,121.866425,12.682018,29.16,20.0,9.199999
2019-07-14 00:00:00+00:00,Masbate,12.196836,123.618362,14.021525,30.960001,23.0,21.699999
2019-07-14 00:00:00+00:00,Metro Manila,14.586995,121.002785,14.707222,32.039997,13.0,8.8
2019-07-14 00:00:00+00:00,Misamis Occidental,8.471002,123.788658,10.105681,42.48,21.0,25.0
2019-07-14 00:00:00+00:00,Misamis Oriental,8.471002,124.639168,6.489992,21.96,22.0,17.9
2019-07-14 00:00:00+00:00,Mountain Province,17.11775,120.864555,9.531505,28.08,9.0,23.199999
2019-07-14 00:00:00+00:00,Negros Occidental,10.650264,122.965576,17.555307,33.12,23.0,10.999999
2019-07-14 00:00:00+00:00,Negros Oriental,9.314587,123.28125,7.289444,34.92,24.0,31.700003
2019-07-14 00:00:00+00:00,Northern Samar,12.478031,124.63414,12.768586,30.239998,21.0,18.699999
2019-07-14 00:00:00+00:00,Nueva Ecija,15.500878,120.958641,11.269782,26.28,10.0,6.6999993
2019-07-14 00:00:00+00:00,Nueva Vizcaya,16.48506,121.200005,9.028754,28.08,10.0,6.2
2019-07-14 00:00:00+00:00,Occidental Mindoro,12.337434,121.163208,11.165805,26.28,23.0,21.400002
2019-07-14 00:00:00+00:00,Oriental Mindoro,13.391915,121.096893,9.3669195,25.919998,13.0,3.6
2019-07-14 00:00:00+00:00,Palawan,9.73638,118.664917,5.3517847,22.319998,19.0,14.099998
2019-07-14 00:00:00+00:00,Pampanga,15.008787,120.672272,13.237038,29.88,10.0,13.300001
2019-07-14 00:00:00+00:00,Pangasinan,15.99297,120.227058,12.819235,32.399998,11.0,11.200001
2019-07-14 00:00:00+00:00,Quezon,13.954306,121.657455,11.183201,26.28,13.0,5.2
2019-07-14 00:00:00+00:00,Quirino,16.555359,121.487137,10.8955765,21.599998,10.0,24.200003
2019-07-14 00:00:00+00:00,Rizal,14.586995,121.253479,11.367109,26.64,10.0,9.2
2019-07-14 00:00:00+00:00,Romblon,12.407733,122.003609,17.477621,36.36,20.0,16.900002
2019-07-14 00:00:00+00:00,Samar,11.775043,124.888092,15.175612,34.2,24.0,42.499996
2019-07-14 00:00:00+00:00,Sarangani,6.080843,125.308853,22.608458,43.92,23.0,15.900001
2019-07-14 00:00:00+00:00,Siquijor,9.244288,123.486557,33.3559,47.88,23.0,14.999999
2019-07-14 00:00:00+00:00,Sorsogon,12.970123,124.036362,13.570615,28.44,20.0,16.1
2019-07-14 00:00:00+00:00,South Cotabato,6.502636,124.882553,5.692099,34.2,23.0,31.500002
2019-07-14 00:00:00+00:00,Southern Leyte,10.158173,124.815788,12.979984,29.88,21.0,15.000001
2019-07-14 00:00:00+00:00,Sultan Kudarat,6.643234,124.638657,5.8048253,34.56,23.0,26.799995
2019-07-14 00:00:00+00:00,Sulu,6.080843,121.026711,16.418526,36.36,14.0,5.7999997
2019-07-14 00:00:00+00:00,Surigao del Norte,9.806679,125.449783,33.70377,46.079998,24.0,20.599998
2019-07-14 00:00:00+00:00,Surigao del Sur,9.033392,126.202423,11.043261,21.96,20.0,7.8999996
2019-07-14 00:00:00+00:00,Tarlac,15.500878,120.6203,8.905908,23.039999,9.0,7.8999996
2019-07-14 00:00:00+00:00,Tawi-Tawi,5.026362,119.752678,24.248611,33.839996,16.0,13.400002
2019-07-14 00:00:00+00:00,Zambales,15.360281,119.971855,10.636766,24.119999,13.0,7.2
2019-07-14 00:00:00+00:00,Zamboanga Sibugay,7.768014,122.580925,14.154915,32.399998,24.0,19.2
2019-07-14 00:00:00+00:00,Zamboanga del Norte,8.541301,123.353401,9.793058,24.48,20.0,39.8
2019-07-14 00:00:00+00:00,Zamboanga del Sur,7.838313,123.452682,14.404499,33.12,24.0,22.400005
2019-07-15 00:00:00+00:00,Abra,17.60984,120.725334,11.177405,26.28,9.0,7.3999996
2019-07-15 00:00:00+00:00,Agusan del Norte,8.963093,125.548836,14.759999,37.079998,18.0,3.0999994
2019-07-15 00:00:00+00:00,Agusan del Sur,8.611599,125.938034,13.551501,37.44,12.0,2.0000002
2019-07-15 00:00:00+00:00,Aklan,11.704745,122.361359,13.32,24.48,24.0,40.6
2019-07-15 00:00:00+00:00,Albay,13.110721,123.770493,14.84318,31.68,20.0,13.599999
2019-07-15 00:00:00+00:00,Antique,10.720562,121.961136,21.817902,42.839996,24.0,62.79999
2019-07-15 00:00:00+00:00,Apayao,17.820738,121.425804,10.703569,24.119999,7.0,4.5
2019-07-15 00:00:00+00:00,Aurora,15.782074,121.5,16.263872,36.36,14.0,5.7
2019-07-15 00:00:00+00:00,Basilan,6.713532,122.018501,18.899143,41.760002,11.0,1.7
2019-07-15 00:00:00+00:00,Bataan,14.657293,120.529739,9.028754,21.24,17.0,7.2999997
2019-07-15 00:00:00+00:00,Batanes,20.421791,121.961777,20.898613,27.0,3.0,0.4
2019-07-15 00:00:00+00:00,Batangas,13.743409,121.074379,12.979984,26.28,22.0,16.600002
2019-07-15 00:00:00+00:00,Benguet,16.48506,120.685715,5.6233797,19.44,6.0,1.1
2019-07-15 00:00:00+00:00,Biliran,11.564148,124.473213,19.0392,52.199997,24.0,96.8
2019-07-15 00:00:00+00:00,Bohol,9.66608,123.897125,26.009844,51.12,24.0,14.100001
2019-07-15 00:00:00+00:00,Bukidnon,8.119508,125.183914,17.309973,39.96,24.0,26.6
2019-07-15 00:00:00+00:00,Bulacan,14.86819,120.782852,10.00256,18.72,20.0,10.299999
2019-07-15 00:00:00+00:00,Cagayan,17.60984,121.682785,12.074766,24.119999,14.0,6.4
2019-07-15 00:00:00+00:00,Camarines Norte,14.094903,122.96125,10.390226,20.880001,23.0,32.4
2019-07-15 00:00:00+00:00,Camarines Sur,13.602812,123.244728,7.10031,24.84,22.0,17.2
2019-07-15 00:00:00+00:00,Camiguin,9.244288,124.735474,23.469128,72.72,24.0,17.700003
2019-07-15 00:00:00+00:00,Capiz,11.564148,122.785713,12.397806,33.48,24.0,22.7
2019-07-15 00:00:00+00:00,Catanduanes,13.602812,124.317139,21.24305,48.6,24.0,33.099995
2019-07-15 00:00:00+00:00,Cavite,14.305799,120.888069,11.043261,24.84,17.0,12.800001
2019-07-15 00:00:00+00:00,Cebu,10.29877,123.769775,17.026896,48.239998,24.0,25.099998
2019-07-15 00:00:00+00:00,Cotabato,6.994728,125.0886,7.628263,34.56,16.0,7.3000007
2019-07-15 00:00:00+00:00,Davao Occidental,6.432337,125.532265,12.594856,33.48,1.0,0.1
2019-07-15 00:00:00+00:00,Davao Oriental,6.924429,126.273178,18.947083,37.079998,13.0,2.9
2019-07-15 00:00:00+00:00,Davao de Oro,7.627417,125.969391,16.29174,46.8,4.0,0.90000004
2019-07-15 00:00:00+00:00,Davao del Norte,7.41652,125.801529,19.245697,41.399998,6.0,0.8000001
2019-07-15 00:00:00+00:00,Davao del Sur,6.783832,125.378792,22.691423,46.079998,9.0,1.2000002
2019-07-15 00:00:00+00:00,Dinagat Islands,10.087873,125.574059,29.68636,67.32,24.0,23.3
2019-07-15 00:00:00+00:00,Eastern Samar,11.634446,125.388748,19.296133,43.56,24.0,31.500002
2019-07-15 00:00:00+00:00,Guimaras,10.579965,122.619049,24.863466,48.239998,24.0,42.9
2019-07-15 00:00:00+00:00,Ifugao,16.836554,121.17704,6.4096174,21.24,9.0,3.4
2019-07-15 00:00:00+00:00,Ilocos Norte,18.172232,120.614037,11.090103,27.359999,17.0,7.9000006
2019-07-15 00:00:00+00:00,Ilocos Sur,17.539541,120.434784,11.119281,29.88,16.0,6.0000005
2019-07-15 00:00:00+00:00,Iloilo,11.001758,122.632973,23.83624,46.079998,24.0,31.099998
2019-07-15 00:00:00+00:00,Isabela,17.11775,121.902016,7.7879906,19.8,6.0,4.7
2019-07-15 00:00:00+00:00,Kalinga,17.469244,121.447876,11.165805,32.399998,4.0,4.2999997
2019-07-15 00:00:00+00:00,La Union,16.625658,120.314888,11.200571,26.64,16.0,7.6999993
2019-07-15 00:00:00+00:00,Laguna,14.305799,121.470863,10.440001,24.119999,21.0,10.699999
2019-07-15 00:00:00+00:00,Lanao del Norte,8.260105,124.318771,11.165805,41.399998,23.0,5.2999983
2019-07-15 00:00:00+00:00,Lanao del Sur,7.97891,124.355255,24.344624,46.079998,24.0,14.700001
2019-07-15 00:00:00+00:00,Leyte,11.212654,124.959999,8.049845,34.56,23.0,28.1
2019-07-15 00:00:00+00:00,Maguindanao del Norte,6.994728,124.40506,9.449572,32.039997,18.0,3.8999999
2019-07-15 00:00:00+00:00,Maguindanao del Sur,6.713532,124.819176,10.086427,39.96,16.0,4.2999997
2019-07-15 00:00:00+00:00,Marinduque,13.462214,121.866425,12.229406,28.44,20.0,8.699999
2019-07-15 00:00:00+00:00,Masbate,12.196836,123.618362,22.007162,43.92,24.0,36.299995
2019-07-15 00:00:00+00:00,Metro Manila,14.586995,121.002785,10.233123,20.880001,21.0,10.4
2019-07-15 00:00:00+00:00,Misamis Occidental,8.471002,123.788658,10.853866,40.32,17.0,5.0999994
2019-07-15 00:00:00+00:00,Misamis Oriental,8.471002,124.639168,12.984975,36.719997,12.0,5.2999997
2019-07-15 00:00:00+00:00,Mountain Province,17.11775,120.864555,6.28713,27.0,10.0,13.7
2019-07-15 00:00:00+00:00,Negros Occidental,10.650264,122.965576,23.507753,41.399998,24.0,49.999996
2019-07-15 00:00:00+00:00,Negros Oriental,9.314587,123.28125,6.2145634,33.839996,24.0,35.399998
2019-07-15 00:00:00+00:00,Northern Samar,12.478031,124.63414,19.08,37.8,24.0,22.699997
2019-07-15 00:00:00+00:00,Nueva Ecija,15.500878,120.958641,8.557102,16.199999,17.0,8.5
2019-07-15 00:00:00+00:00,Nueva Vizcaya,16.48506,121.200005,5.904439,27.0,6.0,2.6000001
2019-07-15 00:00:00+00:00,Occidental Mindoro,12.337434,121.163208,10.028439,26.64,24.0,24.199997
2019-07-15 00:00:00+00:00,Oriental Mindoro,13.391915,121.096893,3.8268526,16.919998,20.0,11.400001
2019-07-15 00:00:00+00:00,Palawan,9.73638,118.664917,6.5693827,26.64,24.0,16.800003
2019-07-15 00:00:00+00:00,Pampanga,15.008787,120.672272,9.504273,18.0,15.0,4.9
2019-07-15 00:00:00+00:00,Pangasinan,15.99297,120.227058,9.511088,23.4,16.0,8.9
2019-07-15 00:00:00+00:00,Quezon,13.954306,121.657455,9.565437,18.359999,18.0,14.1
2019-07-15 00:00:00+00:00,Quirino,16.555359,121.487137,6.439876,24.48,8.0,4.3999996
2019-07-15 00:00:00+00:00,Rizal,14.586995,121.253479,6.8777895,16.199999,17.0,7.6
2019-07-15 00:00:00+00:00,Romblon,12.407733,122.003609,15.617529,31.68,24.0,22.800001
2019-07-15 00:00:00+00:00,Samar,11.775043,124.888092,23.051247,50.039997,24.0,46.700005
2019-07-15 00:00:00+00:00,Sarangani,6.080843,125.308853,23.78453,45.719997,13.0,2.9999995
2019-07-15 00:00:00+00:00,Siquijor,9.244288,123.486557,41.022625,59.039997,24.0,30.300001
2019-07-15 00:00:00+00:00,Sorsogon,12.970123,124.036362,19.602652,41.039997,21.0,10.3
2019-07-15 00:00:00+00:00,South Cotabato,6.502636,124.882553,8.209263,34.56,11.0,4.1
2019-07-15 00:00:00+00:00,Southern Leyte,10.158173,124.815788,19.721298,52.92,24.0,12.7
2019-07-15 00:00:00+00:00,Sultan Kudarat,6.643234,124.638657,7.342588,19.8,5.0,0.8
2019-07-15 00:00:00+00:00,Sulu,6.080843,121.026711,15.716793,33.839996,8.0,3.3999999
2019-07-15 00:00:00+00:00,Surigao del Norte,9.806679,125.449783,38.16,57.96,23.0,21.099998
2019-07-15 00:00:00+00:00,Surigao del Sur,9.033392,126.202423,14.336861,32.039997,4.0,0.6
2019-07-15 00:00:00+00:00,Tarlac,15.500878,120.6203,7.9036193,20.16,16.0,5.2
2019-07-15 00:00:00+00:00,Tawi-Tawi,5.026362,119.752678,29.795301,39.96,11.0,3.4999998
2019-07-15 00:00:00+00:00,Zambales,15.360281,119.971855,5.692099,19.44,15.0,187.80003
2019-07-15 00:00:00+00:00,Zamboanga Sibugay,7.768014,122.580925,15.893093,36.719997,19.0,4.9
2019-07-15 00:00:00+00:00,Zamboanga del Norte,8.541301,123.353401,9.793058,34.56,23.0,10.9
2019-07-15 00:00:00+00:00,Zamboanga del Sur,7.838313,123.452682,15.484185,40.68,24.0,15.200002
2019-07-16 00:00:00+00:00,Abra,17.60984,120.725334,12.074766,41.039997,21.0,49.000004
2019-07-16 00:00:00+00:00,Agusan del Norte,8.963093,125.548836,16.199999,36.36,2.0,0.3
2019-07-16 00:00:00+00:00,Agusan del Sur,8.611599,125.938034,15.175612,50.399998,3.0,0.4
2019-07-16 00:00:00+00:00,Aklan,11.704745,122.361359,20.275385,42.48,24.0,104.9
2019-07-16 00:00:00+00:00,Albay,13.110721,123.770493,35.08292,77.03999,24.0,36.7
2019-07-16 00:00:00+00:00,Antique,10.720562,121.961136,34.01762,68.4,24.0,69.90001
2019-07-16 00:00:00+00:00,Apayao,17.820738,121.425804,13.18308,47.519997,21.0,66.99999
2019-07-16 00:00:00+00:00,Aurora,15.782074,121.5,26.27753,65.159996,22.0,35.299995
2019-07-16 00:00:00+00:00,Basilan,6.713532,122.018501,24.162947,51.48,6.0,0.6
2019-07-16 00:00:00+00:00,Bataan,14.657293,120.529739,18.671474,42.48,23.0,25.0
2019-07-16 00:00:00+00:00,Batanes,20.421791,121.961777,51.625805,70.2,17.0,36.5
2019-07-16 00:00:00+00:00,Batangas,13.743409,121.074379,24.57511,48.6,21.0,17.6
2019-07-16 00:00:00+00:00,Benguet,16.48506,120.685715,14.345898,57.6,20.0,142.7
2019-07-16 00:00:00+00:00,Biliran,11.564148,124.473213,18.374111,73.799995,24.0,27.199999
2019-07-16 00:00:00+00:00,Bohol,9.66608,123.897125,29.533169,53.639996,20.0,10.9000025
2019-07-16 00:00:00+00:00,Bukidnon,8.119508,125.183914,21.096123,47.519997,8.0,3.3000002
2019-07-16 00:00:00+00:00,Bulacan,14.86819,120.782852,21.09305,39.239998,24.0,27.400002
2019-07-16 00:00:00+00:00,Cagayan,17.60984,121.682785,28.167557,55.44,20.0,102.8
2019-07-16 00:00:00+00:00,Camarines Norte,14.094903,122.96125,22.38378,46.44,21.0,5.299999
2019-07-16 00:00:00+00:00,Camarines Sur,13.602812,123.244728,26.250393,51.839996,24.0,33.699997
2019-07-16 00:00:00+00:00,Camiguin,9.244288,124.735474,26.739542,77.03999,6.0,3.0
2019-07-16 00:00:00+00:00,Capiz,11.564148,122.785713,35.647274,60.120003,24.0,77.40001
2019-07-16 00:00:00+00:00,Catanduanes,13.602812,124.317139,35.965782,90.36,24.0,27.900002
2019-07-16 00:00:00+00:00,Cavite,14.305799,120.888069,21.142147,36.36,24.0,23.000002
2019-07-16 00:00:00+00:00,Cebu,10.29877,123.769775,21.479664,57.6,20.0,10.900001
2019-07-16 00:00:00+00:00,Cotabato,6.994728,125.0886,7.172949,35.28,5.0,0.9
2019-07-16 00:00:00+00:00,Davao Occidental,6.432337,125.532265,15.530151,40.68,8.0,0.8000001
2019-07-16 00:00:00+00:00,Davao Oriental,6.924429,126.273178,13.009903,40.68,9.0,1.6000001
2019-07-16 00:00:00+00:00,Davao de Oro,7.627417,125.969391,22.768396,49.68,0.0,0.0
2019-07-16 00:00:00+00:00,Davao del Norte,7.41652,125.801529,24.162945,51.839996,7.0,1.2
2019-07-16 00:00:00+00:00,Davao del Sur,6.783832,125.378792,20.608229,40.32,9.0,3.7
2019-07-16 00:00:00+00:00,Dinagat Islands,10.087873,125.574059,31.151962,77.4,19.0,8.099999
2019-07-16 00:00:00+00:00,Eastern Samar,11.634446,125.388748,18.668005,51.48,23.0,11.6
2019-07-16 00:00:00+00:00,Guimaras,10.579965,122.619049,29.88217,64.799995,24.0,42.899998
2019-07-16 00:00:00+00:00,Ifugao,16.836554,121.17704,12.245294,37.8,21.0,76.0
2019-07-16 00:00:00+00:00,Ilocos Norte,18.172232,120.614037,29.934166,65.159996,23.0,39.3
2019-07-16 00:00:00+00:00,Ilocos Sur,17.539541,120.434784,20.991426,61.56,23.0,91.40001
2019-07-16 00:00:00+00:00,Iloilo,11.001758,122.632973,31.883888,64.799995,24.0,46.799995
2019-07-16 00:00:00+00:00,Isabela,17.11775,121.902016,20.63023,39.6,22.0,95.000015
2019-07-16 00:00:00+00:00,Kalinga,17.469244,121.447876,15.124284,42.839996,19.0,129.70001
2019-07-16 00:00:00+00:00,La Union,16.625658,120.314888,44.202366,75.96,21.0,141.79999
2019-07-16 00:00:00+00:00,Laguna,14.305799,121.470863,19.201874,46.44,24.0,26.2
2019-07-16 00:00:00+00:00,Lanao del Norte,8.260105,124.318771,15.484185,48.239998,5.0,0.9000001
2019-07-16 00:00:00+00:00,Lanao del Sur,7.97891,124.355255,29.144442,54.719997,21.0,8.400001
2019-07-16 00:00:00+00:00,Leyte,11.212654,124.959999,15.7908325,39.239998,19.0,6.7
2019-07-16 00:00:00+00:00,Maguindanao del Norte,6.994728,124.40506,11.384198,42.48,8.0,1.5000001
2019-07-16 00:00:00+00:00,Maguindanao del Sur,6.713532,124.819176,6.87779,40.32,6.0,0.8000001
2019-07-16 00:00:00+00:00,Marinduque,13.462214,121.866425,21.046917,45.36,20.0,9.200001
2019-07-16 00:00:00+00:00,Masbate,12.196836,123.618362,38.16,73.079994,24.0,52.600002
2019-07-16 00:00:00+00:00,Metro Manila,14.586995,121.002785,27.598173,50.76,24.0,29.299997
2019-07-16 00:00:00+00:00,Misamis Occidental,8.471002,123.788658,13.138765,42.48,7.0,2.4999998
2019-07-16 00:00:00+00:00,Misamis Oriental,8.471002,124.639168,15.379206,45.0,4.0,0.4
2019-07-16 00:00:00+00:00,Mountain Province,17.11775,120.864555,18.161278,58.679996,22.0,141.59999
2019-07-16 00:00:00+00:00,Negros Occidental,10.650264,122.965576,32.185287,60.479996,24.0,45.899998
2019-07-16 00:00:00+00:00,Negros Oriental,9.314587,123.28125,19.319628,52.199997,24.0,16.900002
2019-07-16 00:00:00+00:00,Northern Samar,12.478031,124.63414,24.881702,64.079994,24.0,30.400002
2019-07-16 00:00:00+00:00,Nueva Ecija,15.500878,120.958641,17.643673,35.64,23.0,52.499996
2019-07-16 00:00:00+00:00,Nueva Vizcaya,16.48506,121.200005,16.862455,54.719997,20.0,63.20001
2019-07-16 00:00:00+00:00,Occidental Mindoro,12.337434,121.163208,22.961115,52.199997,24.0,68.4
2019-07-16 00:00:00+00:00,Oriental Mindoro,13.391915,121.096893,8.39657,22.68,23.0,12.299999
2019-07-16 00:00:00+00:00,Palawan,9.73638,118.664917,7.4128532,42.839996,19.0,10.300001
2019-07-16 00:00:00+00:00,Pampanga,15.008787,120.672272,21.915691,39.6,23.0,30.999998
2019-07-16 00:00:00+00:00,Pangasinan,15.99297,120.227058,22.104116,42.839996,22.0,90.4
2019-07-16 00:00:00+00:00,Quezon,13.954306,121.657455,23.73271,47.519997,20.0,9.799999
2019-07-16 00:00:00+00:00,Quirino,16.555359,121.487137,9.47012,25.199999,22.0,66.299995
2019-07-16 00:00:00+00:00,Rizal,14.586995,121.253479,21.407139,44.28,24.0,35.199997
2019-07-16 00:00:00+00:00,Romblon,12.407733,122.003609,35.494247,75.24,24.0,70.200005
2019-07-16 00:00:00+00:00,Samar,11.775043,124.888092,31.104082,69.84,24.0,24.5
2019-07-16 00:00:00+00:00,Sarangani,6.080843,125.308853,22.206486,48.6,18.0,3.9999995
2019-07-16 00:00:00+00:00,Siquijor,9.244288,123.486557,45.314262,71.28,22.0,17.899998
2019-07-16 00:00:00+00:00,Sorsogon,12.970123,124.036362,32.44996,73.439995,24.0,32.1
2019-07-16 00:00:00+00:00,South Cotabato,6.502636,124.882553,7.386582,36.36,7.0,1.0
2019-07-16 00:00:00+00:00,Southern Leyte,10.158173,124.815788,32.527744,65.159996,23.0,9.400001
2019-07-16 00:00:00+00:00,Sultan Kudarat,6.643234,124.638657,12.43434,40.32,5.0,0.70000005
2019-07-16 00:00:00+00:00,Sulu,6.080843,121.026711,27.595825,55.8,1.0,0.1
2019-07-16 00:00:00+00:00,Surigao del Norte,9.806679,125.449783,38.67278,56.519997,18.0,4.0999994
2019-07-16 00:00:00+00:00,Surigao del Sur,9.033392,126.202423,16.831684,34.92,1.0,0.2
2019-07-16 00:00:00+00:00,Tarlac,15.500878,120.6203,17.462784,42.12,20.0,51.800003
2019-07-16 00:00:00+00:00,Tawi-Tawi,5.026362,119.752678,35.52527,47.519997,2.0,0.4
2019-07-16 00:00:00+00:00,Zambales,15.360281,119.971855,19.803272,37.8,22.0,74.2
2019-07-16 00:00:00+00:00,Zamboanga Sibugay,7.768014,122.580925,22.7057,51.839996,12.0,3.3000002
2019-07-16 00:00:00+00:00,Zamboanga del Norte,8.541301,123.353401,15.905319,44.28,9.0,1.7
2019-07-16 00:00:00+00:00,Zamboanga del Sur,7.838313,123.452682,24.344624,56.88,19.0,11.3
2019-07-17 00:00:00+00:00,Abra,17.60984,120.725334,21.900904,54.36,18.0,19.400002
2019-07-17 00:00:00+00:00,Agusan del Norte,8.963093,125.548836,17.287498,39.239998,0.0,0.0
2019-07-17 00:00:00+00:00,Agusan del Sur,8.611599,125.938034,14.332341,32.399998,0.0,0.0
2019-07-17 00:00:00+00:00,Aklan,11.704745,122.361359,16.92383,35.64,23.0,7.5000014
2019-07-17 00:00:00+00:00,Albay,13.110721,123.770493,30.563978,79.92,24.0,15.500001
2019-07-17 00:00:00+00:00,Antique,10.720562,121.961136,31.973186,64.439995,22.0,24.1
2019-07-17 00:00:00+00:00,Apayao,17.820738,121.425804,8.350138,42.839996,15.0,13.400001
2019-07-17 00:00:00+00:00,Aurora,15.782074,121.5,14.917212,39.6,16.0,2.8999999
2019-07-17 00:00:00+00:00,Basilan,6.713532,122.018501,17.309973,38.16,0.0,0.0
2019-07-17 00:00:00+00:00,Bataan,14.657293,120.529739,18.59845,46.8,24.0,35.5
2019-07-17 00:00:00+00:00,Batanes,20.421791,121.961777,43.831383,63.36,21.0,29.099998
2019-07-17 00:00:00+00:00,Batangas,13.743409,121.074379,29.370352,59.039997,21.0,25.0
2019-07-17 00:00:00+00:00,Benguet,16.48506,120.685715,12.783802,51.12,23.0,22.300001
2019-07-17 00:00:00+00:00,Biliran,11.564148,124.473213,25.318008,65.88,7.0,1.5
2019-07-17 00:00:00+00:00,Bohol,9.66608,123.897125,23.000591,47.88,5.0,1.8000001
2019-07-17 00:00:00+00:00,Bukidnon,8.119508,125.183914,18.59845,43.56,0.0,0.0
2019-07-17 00:00:00+00:00,Bulacan,14.86819,120.782852,27.783045,59.039997,24.0,23.5
2019-07-17 00:00:00+00:00,Cagayan,17.60984,121.682785,21.518847,37.8,14.0,13.299999
2019-07-17 00:00:00+00:00,Camarines Norte,14.094903,122.96125,29.96662,64.799995,23.0,5.9999986
2019-07-17 00:00:00+00:00,Camarines Sur,13.602812,123.244728,36.25291,66.24,23.0,21.4
2019-07-17 00:00:00+00:00,Camiguin,9.244288,124.735474,11.212135,39.239998,2.0,0.2
2019-07-17 00:00:00+00:00,Capiz,11.564148,122.785713,34.981182,71.28,9.0,2.2
2019-07-17 00:00:00+00:00,Catanduanes,13.602812,124.317139,32.074364,93.6,21.0,11.3
2019-07-17 00:00:00+00:00,Cavite,14.305799,120.888069,28.528723,52.199997,24.0,34.199993
2019-07-17 00:00:00+00:00,Cebu,10.29877,123.769775,24.336637,77.4,5.0,1.3
2019-07-17 00:00:00+00:00,Cotabato,6.994728,125.0886,8.161764,16.56,0.0,0.0
2019-07-17 00:00:00+00:00,Davao Occidental,6.432337,125.532265,8.0899935,20.16,0.0,0.0
2019-07-17 00:00:00+00:00,Davao Oriental,6.924429,126.273178,10.296251,21.599998,5.0,0.5
2019-07-17 00:00:00+00:00,Davao de Oro,7.627417,125.969391,18.709612,43.56,0.0,0.0
2019-07-17 00:00:00+00:00,Davao del Norte,7.41652,125.801529,26.282465,56.16,0.0,0.0
2019-07-17 00:00:00+00:00,Davao del Sur,6.783832,125.378792,16.055353,33.12,6.0,0.6
2019-07-17 00:00:00+00:00,Dinagat Islands,10.087873,125.574059,15.137133,35.64,0.0,0.0
2019-07-17 00:00:00+00:00,Eastern Samar,11.634446,125.388748,21.09305,48.6,0.0,0.0
2019-07-17 00:00:00+00:00,Guimaras,10.579965,122.619049,35.281837,74.520004,23.0,9.300001
2019-07-17 00:00:00+00:00,Ifugao,16.836554,121.17704,8.825508,22.68,5.0,1.1
2019-07-17 00:00:00+00:00,Ilocos Norte,18.172232,120.614037,23.893261,50.399998,23.0,26.999998
2019-07-17 00:00:00+00:00,Ilocos Sur,17.539541,120.434784,42.56229,88.2,24.0,27.9
2019-07-17 00:00:00+00:00,Iloilo,11.001758,122.632973,40.83898,75.96,21.0,8.099999
2019-07-17 00:00:00+00:00,Isabela,17.11775,121.902016,22.608458,38.16,6.0,3.4
2019-07-17 00:00:00+00:00,Kalinga,17.469244,121.447876,9.904906,33.48,13.0,9.900001
2019-07-17 00:00:00+00:00,La Union,16.625658,120.314888,31.1374,76.32,23.0,36.999996
2019-07-17 00:00:00+00:00,Laguna,14.305799,121.470863,25.862436,64.079994,23.0,22.599998
2019-07-17 00:00:00+00:00,Lanao del Norte,8.260105,124.318771,16.75064,41.760002,0.0,0.0
2019-07-17 00:00:00+00:00,Lanao del Sur,7.97891,124.355255,21.67487,41.039997,0.0,0.0
2019-07-17 00:00:00+00:00,Leyte,11.212654,124.959999,19.05281,42.839996,0.0,0.0
2019-07-17 00:00:00+00:00,Maguindanao del Norte,6.994728,124.40506,9.3876505,19.08,0.0,0.0
2019-07-17 00:00:00+00:00,Maguindanao del Sur,6.713532,124.819176,6.193674,13.32,0.0,0.0
2019-07-17 00:00:00+00:00,Marinduque,13.462214,121.866425,32.587456,77.4,20.0,20.100004
2019-07-17 00:00:00+00:00,Masbate,12.196836,123.618362,33.657593,79.2,14.0,5.0999994
2019-07-17 00:00:00+00:00,Metro Manila,14.586995,121.002785,38.400375,70.92,24.0,32.399998
2019-07-17 00:00:00+00:00,Misamis Occidental,8.471002,123.788658,19.803272,42.839996,0.0,0.0
2019-07-17 00:00:00+00:00,Misamis Oriental,8.471002,124.639168,10.966713,20.16,0.0,0.0
2019-07-17 00:00:00+00:00,Mountain Province,17.11775,120.864555,14.618837,45.36,22.0,18.700005
2019-07-17 00:00:00+00:00,Negros Occidental,10.650264,122.965576,37.162045,74.159996,14.0,2.6999996
2019-07-17 00:00:00+00:00,Negros Oriental,9.314587,123.28125,20.140705,52.199997,2.0,0.2
2019-07-17 00:00:00+00:00,Northern Samar,12.478031,124.63414,28.185953,58.32,9.0,1.3000001
2019-07-17 00:00:00+00:00,Nueva Ecija,15.500878,120.958641,19.61587,44.639996,15.0,7.5999985
2019-07-17 00:00:00+00:00,Nueva Vizcaya,16.48506,121.200005,25.20257,74.88,4.0,1.0
2019-07-17 00:00:00+00:00,Occidental Mindoro,12.337434,121.163208,25.11758,61.56,24.0,42.2
2019-07-17 00:00:00+00:00,Oriental Mindoro,13.391915,121.096893,6.489992,28.44,24.0,58.899994
2019-07-17 00:00:00+00:00,Palawan,9.73638,118.664917,8.557102,45.719997,10.0,1.7
2019-07-17 00:00:00+00:00,Pampanga,15.008787,120.672272,23.441502,47.16,24.0,13.5
2019-07-17 00:00:00+00:00,Pangasinan,15.99297,120.227058,15.277749,34.56,16.0,22.900002
2019-07-17 00:00:00+00:00,Quezon,13.954306,121.657455,22.38378,60.479996,23.0,20.800001
2019-07-17 00:00:00+00:00,Quirino,16.555359,121.487137,17.283749,37.44,1.0,0.3
2019-07-17 00:00:00+00:00,Rizal,14.586995,121.253479,27.257967,57.6,23.0,33.7
2019-07-17 00:00:00+00:00,Romblon,12.407733,122.003609,35.132755,73.439995,24.0,28.800003
2019-07-17 00:00:00+00:00,Samar,11.775043,124.888092,27.288855,69.84,5.0,0.70000005
2019-07-17 00:00:00+00:00,Sarangani,6.080843,125.308853,17.555307,35.28,5.0,0.6
2019-07-17 00:00:00+00:00,Siquijor,9.244288,123.486557,34.137413,54.36,5.0,0.90000004
2019-07-17 00:00:00+00:00,Sorsogon,12.970123,124.036362,29.328403,68.4,14.0,8.300001
2019-07-17 00:00:00+00:00,South Cotabato,6.502636,124.882553,17.974781,34.92,3.0,0.4
2019-07-17 00:00:00+00:00,Southern Leyte,10.158173,124.815788,34.145008,69.12,2.0,0.3
2019-07-17 00:00:00+00:00,Sultan Kudarat,6.643234,124.638657,7.771331,18.72,2.0,0.2
2019-07-17 00:00:00+00:00,Sulu,6.080843,121.026711,22.91026,47.88,0.0,0.0
2019-07-17 00:00:00+00:00,Surigao del Norte,9.806679,125.449783,15.629971,21.599998,0.0,0.0
2019-07-17 00:00:00+00:00,Surigao del Sur,9.033392,126.202423,16.981165,29.519999,0.0,0.0
2019-07-17 00:00:00+00:00,Tarlac,15.500878,120.6203,17.654686,43.56,19.0,9.500004
2019-07-17 00:00:00+00:00,Tawi-Tawi,5.026362,119.752678,30.652895,40.32,0.0,0.0
2019-07-17 00:00:00+00:00,Zambales,15.360281,119.971855,23.686249,49.32,24.0,47.9
2019-07-17 00:00:00+00:00,Zamboanga Sibugay,7.768014,122.580925,28.808998,56.519997,10.0,4.8999996
2019-07-17 00:00:00+00:00,Zamboanga del Norte,8.541301,123.353401,18.844202,39.96,0.0,0.0
2019-07-17 00:00:00+00:00,Zamboanga del Sur,7.838313,123.452682,24.863468,52.199997,9.0,2.2
2019-07-18 00:00:00+00:00,Abra,17.60984,120.725334,27.558228,63.36,22.0,32.699997
2019-07-18 00:00:00+00:00,Agusan del Norte,8.963093,125.548836,20.00512,44.28,0.0,0.0
2019-07-18 00:00:00+00:00,Agusan del Sur,8.611599,125.938034,12.43434,29.519999,4.0,0.4
2019-07-18 00:00:00+00:00,Aklan,11.704745,122.361359,6.4799995,42.12,6.0,1.1
2019-07-18 00:00:00+00:00,Albay,13.110721,123.770493,26.882141,66.6,10.0,3.1999998
2019-07-18 00:00:00+00:00,Antique,10.720562,121.961136,28.901073,51.12,9.0,1.0000001
2019-07-18 00:00:00+00:00,Apayao,17.820738,121.425804,6.151683,40.68,6.0,1.2
2019-07-18 00:00:00+00:00,Aurora,15.782074,121.5,14.494192,37.44,20.0,4.1999993
2019-07-18 00:00:00+00:00,Basilan,6.713532,122.018501,14.986553,33.12,4.0,0.4
2019-07-18 00:00:00+00:00,Bataan,14.657293,120.529739,21.897945,52.199997,24.0,19.000002
2019-07-18 00:00:00+00:00,Batanes,20.421791,121.961777,65.32685,90.72,13.0,7.0000005
2019-07-18 00:00:00+00:00,Batangas,13.743409,121.074379,28.137632,56.88,10.0,1.3000001
2019-07-18 00:00:00+00:00,Benguet,16.48506,120.685715,15.463246,61.56,24.0,26.899996
2019-07-18 00:00:00+00:00,Biliran,11.564148,124.473213,18.391735,48.6,0.0,0.0
2019-07-18 00:00:00+00:00,Bohol,9.66608,123.897125,15.192682,32.399998,1.0,0.1
2019-07-18 00:00:00+00:00,Bukidnon,8.119508,125.183914,7.5599995,23.039999,0.0,0.0
2019-07-18 00:00:00+00:00,Bulacan,14.86819,120.782852,26.178707,61.56,23.0,8.700001
2019-07-18 00:00:00+00:00,Cagayan,17.60984,121.682785,25.630886,47.16,3.0,0.3
2019-07-18 00:00:00+00:00,Camarines Norte,14.094903,122.96125,30.124065,73.439995,11.0,1.9000002
2019-07-18 00:00:00+00:00,Camarines Sur,13.602812,123.244728,25.420181,61.920002,12.0,7.4999995
2019-07-18 00:00:00+00:00,Camiguin,9.244288,124.735474,7.7043357,22.68,0.0,0.0
2019-07-18 00:00:00+00:00,Capiz,11.564148,122.785713,28.988384,51.48,0.0,0.0
2019-07-18 00:00:00+00:00,Catanduanes,13.602812,124.317139,29.024128,74.159996,9.0,1.3000002
2019-07-18 00:00:00+00:00,Cavite,14.305799,120.888069,31.712708,56.88,22.0,5.7999988
2019-07-18 00:00:00+00:00,Cebu,10.29877,123.769775,23.039999,54.36,0.0,0.0
2019-07-18 00:00:00+00:00,Cotabato,6.994728,125.0886,7.9932976,16.919998,0.0,0.0
2019-07-18 00:00:00+00:00,Davao Occidental,6.432337,125.532265,10.495713,28.08,9.0,2.7
2019-07-18 00:00:00+00:00,Davao Oriental,6.924429,126.273178,13.570615,30.960001,1.0,0.1
2019-07-18 00:00:00+00:00,Davao de Oro,7.627417,125.969391,12.397806,28.8,5.0,0.7
2019-07-18 00:00:00+00:00,Davao del Norte,7.41652,125.801529,19.562946,43.92,3.0,0.3
2019-07-18 00:00:00+00:00,Davao del Sur,6.783832,125.378792,12.7279215,28.8,0.0,0.0
2019-07-18 00:00:00+00:00,Dinagat Islands,10.087873,125.574059,11.298495,28.08,0.0,0.0
2019-07-18 00:00:00+00:00,Eastern Samar,11.634446,125.388748,16.394829,38.519997,0.0,0.0
2019-07-18 00:00:00+00:00,Guimaras,10.579965,122.619049,25.40743,49.68,4.0,0.6
2019-07-18 00:00:00+00:00,Ifugao,16.836554,121.17704,14.404499,35.28,3.0,0.3
2019-07-18 00:00:00+00:00,Ilocos Norte,18.172232,120.614037,34.509335,65.520004,19.0,25.8
2019-07-18 00:00:00+00:00,Ilocos Sur,17.539541,120.434784,40.186386,91.439995,24.0,63.199997
2019-07-18 00:00:00+00:00,Iloilo,11.001758,122.632973,27.609911,54.0,3.0,0.5
2019-07-18 00:00:00+00:00,Isabela,17.11775,121.902016,31.035257,55.44,0.0,0.0
2019-07-18 00:00:00+00:00,Kalinga,17.469244,121.447876,12.397806,44.639996,4.0,0.70000005
2019-07-18 00:00:00+00:00,La Union,16.625658,120.314888,33.326748,63.0,24.0,32.6
2019-07-18 00:00:00+00:00,Laguna,14.305799,121.470863,24.696104,73.079994,11.0,4.1
2019-07-18 00:00:00+00:00,Lanao del Norte,8.260105,124.318771,10.948973,29.16,0.0,0.0
2019-07-18 00:00:00+00:00,Lanao del Sur,7.97891,124.355255,17.654688,34.2,0.0,0.0
2019-07-18 00:00:00+00:00,Leyte,11.212654,124.959999,18.25026,41.399998,3.0,0.6
2019-07-18 00:00:00+00:00,Maguindanao del Norte,6.994728,124.40506,7.653705,22.319998,4.0,1.0000001
2019-07-18 00:00:00+00:00,Maguindanao del Sur,6.713532,124.819176,10.931203,22.68,3.0,0.5
2019-07-18 00:00:00+00:00,Marinduque,13.462214,121.866425,33.11413,75.96,6.0,1.0
2019-07-18 00:00:00+00:00,Masbate,12.196836,123.618362,24.975283,62.639996,1.0,0.1
2019-07-18 00:00:00+00:00,Metro Manila,14.586995,121.002785,29.328403,65.159996,24.0,9.799999
2019-07-18 00:00:00+00:00,Misamis Occidental,8.471002,123.788658,9.007196,21.96,0.0,0.0
2019-07-18 00:00:00+00:00,Misamis Oriental,8.471002,124.639168,13.5515,28.08,0.0,0.0
2019-07-18 00:00:00+00:00,Mountain Province,17.11775,120.864555,18.0,69.479996,22.0,29.699999
2019-07-18 00:00:00+00:00,Negros Occidental,10.650264,122.965576,22.206486,41.039997,4.0,0.7
2019-07-18 00:00:00+00:00,Negros Oriental,9.314587,123.28125,15.226764,38.16,0.0,0.0
2019-07-18 00:00:00+00:00,Northern Samar,12.478031,124.63414,20.633371,44.639996,0.0,0.0
2019-07-18 00:00:00+00:00,Nueva Ecija,15.500878,120.958641,23.966375,60.839996,11.0,3.4999998
2019-07-18 00:00:00+00:00,Nueva Vizcaya,16.48506,121.200005,24.514387,74.88,16.0,2.3000002
2019-07-18 00:00:00+00:00,Occidental Mindoro,12.337434,121.163208,21.533897,53.639996,24.0,25.500006
2019-07-18 00:00:00+00:00,Oriental Mindoro,13.391915,121.096893,9.585739,24.119999,24.0,10.200003
2019-07-18 00:00:00+00:00,Palawan,9.73638,118.664917,14.618837,42.12,8.0,3.4
2019-07-18 00:00:00+00:00,Pampanga,15.008787,120.672272,25.992401,61.920002,22.0,7.7
2019-07-18 00:00:00+00:00,Pangasinan,15.99297,120.227058,23.113008,47.16,22.0,6.9
2019-07-18 00:00:00+00:00,Quezon,13.954306,121.657455,17.414474,46.8,14.0,9.400001
2019-07-18 00:00:00+00:00,Quirino,16.555359,121.487137,16.92383,37.079998,0.0,0.0
2019-07-18 00:00:00+00:00,Rizal,14.586995,121.253479,23.708124,64.439995,23.0,12.099998
2019-07-18 00:00:00+00:00,Romblon,12.407733,122.003609,30.472675,69.12,12.0,7.4999995
2019-07-18 00:00:00+00:00,Samar,11.775043,124.888092,20.721119,46.079998,0.0,0.0
2019-07-18 00:00:00+00:00,Sarangani,6.080843,125.308853,14.277983,29.88,4.0,0.4
2019-07-18 00:00:00+00:00,Siquijor,9.244288,123.486557,25.305208,34.2,0.0,0.0
2019-07-18 00:00:00+00:00,Sorsogon,12.970123,124.036362,20.65848,43.92,1.0,0.1
2019-07-18 00:00:00+00:00,South Cotabato,6.502636,124.882553,8.825508,21.24,1.0,0.1
2019-07-18 00:00:00+00:00,Southern Leyte,10.158173,124.815788,18.709612,40.32,0.0,0.0
2019-07-18 00:00:00+00:00,Sultan Kudarat,6.643234,124.638657,7.42159,20.16,4.0,0.4
2019-07-18 00:00:00+00:00,Sulu,6.080843,121.026711,15.459054,33.839996,0.0,0.0
2019-07-18 00:00:00+00:00,Surigao del Norte,9.806679,125.449783,15.575981,21.96,0.0,0.0
2019-07-18 00:00:00+00:00,Surigao del Sur,9.033392,126.202423,18.775303,30.960001,0.0,0.0
2019-07-18 00:00:00+00:00,Tarlac,15.500878,120.6203,28.257132,59.76,17.0,3.2
2019-07-18 00:00:00+00:00,Tawi-Tawi,5.026362,119.752678,20.265795,27.359999,5.0,0.5
2019-07-18 00:00:00+00:00,Zambales,15.360281,119.971855,24.590923,52.199997,24.0,45.199997
2019-07-18 00:00:00+00:00,Zamboanga Sibugay,7.768014,122.580925,21.862406,44.639996,21.0,5.5999994
2019-07-18 00:00:00+00:00,Zamboanga del Norte,8.541301,123.353401,21.986542,45.719997,0.0,0.0
2019-07-18 00:00:00+00:00,Zamboanga del Sur,7.838313,123.452682,15.226764,34.2,3.0,0.5
2019-07-19 00:00:00+00:00,Abra,17.60984,120.725334,19.469976,42.48,13.0,4.3
2019-07-19 00:00:00+00:00,Agusan del Norte,8.963093,125.548836,10.966713,27.0,5.0,0.8000001
2019-07-19 00:00:00+00:00,Agusan del Sur,8.611599,125.938034,11.966954,25.919998,2.0,0.2
2019-07-19 00:00:00+00:00,Aklan,11.704745,122.361359,12.904882,28.8,5.0,0.6
2019-07-19 00:00:00+00:00,Albay,13.110721,123.770493,17.057314,39.96,2.0,0.2
2019-07-19 00:00:00+00:00,Antique,10.720562,121.961136,17.935081,34.92,4.0,0.4
2019-07-19 00:00:00+00:00,Apayao,17.820738,121.425804,13.104198,34.92,5.0,0.70000005
2019-07-19 00:00:00+00:00,Aurora,15.782074,121.5,14.618837,40.68,13.0,1.7000002
2019-07-19 00:00:00+00:00,Basilan,6.713532,122.018501,13.397612,31.319998,0.0,0.0
2019-07-19 00:00:00+00:00,Bataan,14.657293,120.529739,18.584509,43.92,18.0,8.4
2019-07-19 00:00:00+00:00,Batanes,20.421791,121.961777,58.539585,86.76,13.0,4.3999996
2019-07-19 00:00:00+00:00,Batangas,13.743409,121.074379,15.546833,41.399998,6.0,1.8000001
2019-07-19 00:00:00+00:00,Benguet,16.48506,120.685715,13.797913,42.839996,13.0,4.1000004
2019-07-19 00:00:00+00:00,Biliran,11.564148,124.473213,10.805998,29.16,6.0,1.5000001
2019-07-19 00:00:00+00:00,Bohol,9.66608,123.897125,9.114471,22.68,0.0,0.0
2019-07-19 00:00:00+00:00,Bukidnon,8.119508,125.183914,7.208994,20.16,4.0,0.6
2019-07-19 00:00:00+00:00,Bulacan,14.86819,120.782852,21.2522,46.44,19.0,3.2999997
2019-07-19 00:00:00+00:00,Cagayan,17.60984,121.682785,14.799459,29.88,5.0,5.6000004
2019-07-19 00:00:00+00:00,Camarines Norte,14.094903,122.96125,19.008547,46.44,2.0,0.2
2019-07-19 00:00:00+00:00,Camarines Sur,13.602812,123.244728,18.919704,37.8,1.0,0.2
2019-07-19 00:00:00+00:00,Camiguin,9.244288,124.735474,5.1544156,19.8,6.0,0.90000004
2019-07-19 00:00:00+00:00,Capiz,11.564148,122.785713,17.782688,33.12,7.0,1.3000001
2019-07-19 00:00:00+00:00,Catanduanes,13.602812,124.317139,16.09969,38.88,7.0,2.3000002
2019-07-19 00:00:00+00:00,Cavite,14.305799,120.888069,21.028437,39.96,4.0,0.6
2019-07-19 00:00:00+00:00,Cebu,10.29877,123.769775,11.659777,30.599998,1.0,0.1
2019-07-19 00:00:00+00:00,Cotabato,6.994728,125.0886,7.42159,20.880001,19.0,5.3
2019-07-19 00:00:00+00:00,Davao Occidental,6.432337,125.532265,11.966953,30.960001,0.0,0.0
2019-07-19 00:00:00+00:00,Davao Oriental,6.924429,126.273178,13.708391,31.68,1.0,0.1
2019-07-19 00:00:00+00:00,Davao de Oro,7.627417,125.969391,9.904906,20.16,1.0,0.2
2019-07-19 00:00:00+00:00,Davao del Norte,7.41652,125.801529,13.450708,30.239998,4.0,0.5
2019-07-19 00:00:00+00:00,Davao del Sur,6.783832,125.378792,14.044615,30.599998,3.0,1.2
2019-07-19 00:00:00+00:00,Dinagat Islands,10.087873,125.574059,7.628263,21.24,6.0,1.0
2019-07-19 00:00:00+00:00,Eastern Samar,11.634446,125.388748,12.979984,34.2,7.0,2.1
2019-07-19 00:00:00+00:00,Guimaras,10.579965,122.619049,16.575644,33.48,2.0,0.2
2019-07-19 00:00:00+00:00,Ifugao,16.836554,121.17704,12.096214,30.239998,8.0,2.6
2019-07-19 00:00:00+00:00,Ilocos Norte,18.172232,120.614037,24.023088,48.6,13.0,3.4000003
2019-07-19 00:00:00+00:00,Ilocos Sur,17.539541,120.434784,26.00486,51.839996,23.0,7.0999994
2019-07-19 00:00:00+00:00,Iloilo,11.001758,122.632973,20.26899,40.32,3.0,0.3
2019-07-19 00:00:00+00:00,Isabela,17.11775,121.902016,12.819235,27.0,5.0,2.6999998
2019-07-19 00:00:00+00:00,Kalinga,17.469244,121.447876,8.714677,23.759998,9.0,1.6000001
2019-07-19 00:00:00+00:00,La Union,16.625658,120.314888,18.998314,39.6,17.0,7.799999
2019-07-19 00:00:00+00:00,Laguna,14.305799,121.470863,16.954432,39.239998,13.0,1.6000003
2019-07-19 00:00:00+00:00,Lanao del Norte,8.260105,124.318771,7.5942082,23.4,0.0,0.0
2019-07-19 00:00:00+00:00,Lanao del Sur,7.97891,124.355255,7.24486,19.44,2.0,0.3
2019-07-19 00:00:00+00:00,Leyte,11.212654,124.959999,12.475961,29.88,0.0,0.0
2019-07-19 00:00:00+00:00,Maguindanao del Norte,6.994728,124.40506,6.638072,18.72,6.0,1.6000001
2019-07-19 00:00:00+00:00,Maguindanao del Sur,6.713532,124.819176,15.941944,26.64,2.0,0.3
2019-07-19 00:00:00+00:00,Marinduque,13.462214,121.866425,24.149532,52.92,1.0,0.1
2019-07-19 00:00:00+00:00,Masbate,12.196836,123.618362,17.786331,37.079998,0.0,0.0
2019-07-19 00:00:00+00:00,Metro Manila,14.586995,121.002785,24.490585,49.32,17.0,3.6999996
2019-07-19 00:00:00+00:00,Misamis Occidental,8.471002,123.788658,7.8625183,21.24,1.0,0.1
2019-07-19 00:00:00+00:00,Misamis Oriental,8.471002,124.639168,9.746631,23.759998,3.0,0.3
2019-07-19 00:00:00+00:00,Mountain Province,17.11775,120.864555,15.807239,43.56,11.0,3.4
2019-07-19 00:00:00+00:00,Negros Occidental,10.650264,122.965576,15.876775,29.88,0.0,0.0
2019-07-19 00:00:00+00:00,Negros Oriental,9.314587,123.28125,11.720751,30.239998,0.0,0.0
2019-07-19 00:00:00+00:00,Northern Samar,12.478031,124.63414,11.440979,24.84,2.0,0.2
2019-07-19 00:00:00+00:00,Nueva Ecija,15.500878,120.958641,18.892282,42.839996,11.0,2.8000002
2019-07-19 00:00:00+00:00,Nueva Vizcaya,16.48506,121.200005,21.749481,60.839996,0.0,0.0
2019-07-19 00:00:00+00:00,Occidental Mindoro,12.337434,121.163208,15.459054,34.2,17.0,3.4999998
2019-07-19 00:00:00+00:00,Oriental Mindoro,13.391915,121.096893,10.086427,26.64,14.0,2.9999995
2019-07-19 00:00:00+00:00,Palawan,9.73638,118.664917,15.273505,41.399998,5.0,0.70000005
2019-07-19 00:00:00+00:00,Pampanga,15.008787,120.672272,19.386593,45.719997,11.0,2.1
2019-07-19 00:00:00+00:00,Pangasinan,15.99297,120.227058,18.043148,37.44,8.0,2.1999998
2019-07-19 00:00:00+00:00,Quezon,13.954306,121.657455,12.605142,33.839996,9.0,1.9000001
2019-07-19 00:00:00+00:00,Quirino,16.555359,121.487137,17.377226,35.64,0.0,0.0
2019-07-19 00:00:00+00:00,Rizal,14.586995,121.253479,18.014393,47.16,16.0,2.5
2019-07-19 00:00:00+00:00,Romblon,12.407733,122.003609,22.97522,50.039997,5.0,0.5
2019-07-19 00:00:00+00:00,Samar,11.775043,124.888092,8.435069,23.759998,1.0,0.1
2019-07-19 00:00:00+00:00,Sarangani,6.080843,125.308853,15.158522,31.319998,4.0,1.1
2019-07-19 00:00:00+00:00,Siquijor,9.244288,123.486557,13.979872,20.880001,1.0,0.1
2019-07-19 00:00:00+00:00,Sorsogon,12.970123,124.036362,16.489416,36.36,0.0,0.0
2019-07-19 00:00:00+00:00,South Cotabato,6.502636,124.882553,9.659814,25.919998,5.0,0.5
2019-07-19 00:00:00+00:00,Southern Leyte,10.158173,124.815788,10.446206,25.56,4.0,0.4
2019-07-19 00:00:00+00:00,Sultan Kudarat,6.643234,124.638657,7.42159,16.919998,5.0,0.8000001
2019-07-19 00:00:00+00:00,Sulu,6.080843,121.026711,15.03835,33.48,4.0,0.4
2019-07-19 00:00:00+00:00,Surigao del Norte,9.806679,125.449783,16.071491,23.039999,0.0,0.0
2019-07-19 00:00:00+00:00,Surigao del Sur,9.033392,126.202423,14.84318,27.72,0.0,0.0
2019-07-19 00:00:00+00:00,Tarlac,15.500878,120.6203,19.862083,39.6,11.0,4.0
2019-07-19 00:00:00+00:00,Tawi-Tawi,5.026362,119.752678,19.914215,26.28,1.0,0.1
2019-07-19 00:00:00+00:00,Zambales,15.360281,119.971855,22.101183,40.32,24.0,22.400002
2019-07-19 00:00:00+00:00,Zamboanga Sibugay,7.768014,122.580925,17.76081,37.079998,10.0,2.0000002
2019-07-19 00:00:00+00:00,Zamboanga del Norte,8.541301,123.353401,10.661107,27.359999,3.0,0.6
2019-07-19 00:00:00+00:00,Zamboanga del Sur,7.838313,123.452682,11.252519,26.64,4.0,1.4000001
2019-07-20 00:00:00+00:00,Abra,17.60984,120.725334,12.904882,29.88,11.0,10.5
2019-07-20 00:00:00+00:00,Agusan del Norte,8.963093,125.548836,11.013882,29.519999,5.0,1.6
2019-07-20 00:00:00+00:00,Agusan del Sur,8.611599,125.938034,10.787993,27.0,2.0,0.2
2019-07-20 00:00:00+00:00,Aklan,11.704745,122.361359,9.605998,23.759998,5.0,1.5
2019-07-20 00:00:00+00:00,Albay,13.110721,123.770493,10.661107,30.960001,6.0,2.0
2019-07-20 00:00:00+00:00,Antique,10.720562,121.961136,9.3876505,21.96,2.0,0.2
2019-07-20 00:00:00+00:00,Apayao,17.820738,121.425804,9.0645685,24.48,8.0,9.400001
2019-07-20 00:00:00+00:00,Aurora,15.782074,121.5,15.158522,35.64,7.0,9.9
2019-07-20 00:00:00+00:00,Basilan,6.713532,122.018501,9.360001,27.359999,6.0,1.0
2019-07-20 00:00:00+00:00,Bataan,14.657293,120.529739,6.9153743,23.4,11.0,7.1
2019-07-20 00:00:00+00:00,Batanes,20.421791,121.961777,28.266304,40.68,13.0,1.7000003
2019-07-20 00:00:00+00:00,Batangas,13.743409,121.074379,10.365251,26.64,3.0,0.6
2019-07-20 00:00:00+00:00,Benguet,16.48506,120.685715,6.638072,27.359999,15.0,6.799999
2019-07-20 00:00:00+00:00,Biliran,11.564148,124.473213,7.771331,23.4,11.0,3.2
2019-07-20 00:00:00+00:00,Bohol,9.66608,123.897125,11.440978,24.48,13.0,7.7999997
2019-07-20 00:00:00+00:00,Bukidnon,8.119508,125.183914,9.178235,24.48,4.0,0.5
2019-07-20 00:00:00+00:00,Bulacan,14.86819,120.782852,10.594036,27.0,10.0,5.3999996
2019-07-20 00:00:00+00:00,Cagayan,17.60984,121.682785,14.264361,27.72,8.0,9.200001
2019-07-20 00:00:00+00:00,Camarines Norte,14.094903,122.96125,8.699793,24.84,9.0,10.999999
2019-07-20 00:00:00+00:00,Camarines Sur,13.602812,123.244728,11.808878,25.919998,7.0,4.2
2019-07-20 00:00:00+00:00,Camiguin,9.244288,124.735474,6.924738,27.359999,8.0,1.3000001
2019-07-20 00:00:00+00:00,Capiz,11.564148,122.785713,11.298495,25.919998,2.0,0.4
2019-07-20 00:00:00+00:00,Catanduanes,13.602812,124.317139,10.1376915,27.0,4.0,0.6
2019-07-20 00:00:00+00:00,Cavite,14.305799,120.888069,12.605142,27.359999,11.0,17.199999
2019-07-20 00:00:00+00:00,Cebu,10.29877,123.769775,9.178235,23.4,12.0,8.5
2019-07-20 00:00:00+00:00,Cotabato,6.994728,125.0886,7.0911775,20.880001,15.0,28.900002
2019-07-20 00:00:00+00:00,Davao Occidental,6.432337,125.532265,11.659777,29.88,0.0,0.0
2019-07-20 00:00:00+00:00,Davao Oriental,6.924429,126.273178,12.7279215,30.239998,0.0,0.0
2019-07-20 00:00:00+00:00,Davao de Oro,7.627417,125.969391,8.714677,22.68,0.0,0.0
2019-07-20 00:00:00+00:00,Davao del Norte,7.41652,125.801529,11.659777,27.0,9.0,2.2
2019-07-20 00:00:00+00:00,Davao del Sur,6.783832,125.378792,14.759999,31.68,2.0,0.2
2019-07-20 00:00:00+00:00,Dinagat Islands,10.087873,125.574059,6.28713,17.28,10.0,1.3000001
2019-07-20 00:00:00+00:00,Eastern Samar,11.634446,125.388748,8.12197,23.039999,9.0,2.4
2019-07-20 00:00:00+00:00,Guimaras,10.579965,122.619049,12.181624,24.119999,9.0,1.6000001
2019-07-20 00:00:00+00:00,Ifugao,16.836554,121.17704,5.3999996,16.919998,14.0,23.700003
2019-07-20 00:00:00+00:00,Ilocos Norte,18.172232,120.614037,17.84816,35.64,8.0,4.1
2019-07-20 00:00:00+00:00,Ilocos Sur,17.539541,120.434784,17.673029,36.0,14.0,8.800002
2019-07-20 00:00:00+00:00,Iloilo,11.001758,122.632973,6.3690495,16.56,6.0,0.9000001
2019-07-20 00:00:00+00:00,Isabela,17.11775,121.902016,9.793059,22.319998,8.0,13.2
2019-07-20 00:00:00+00:00,Kalinga,17.469244,121.447876,9.83268,21.96,14.0,28.3
2019-07-20 00:00:00+00:00,La Union,16.625658,120.314888,14.587776,30.239998,13.0,7.2999997
2019-07-20 00:00:00+00:00,Laguna,14.305799,121.470863,12.287555,30.239998,7.0,2.6999998
2019-07-20 00:00:00+00:00,Lanao del Norte,8.260105,124.318771,8.435069,25.56,7.0,1.4
2019-07-20 00:00:00+00:00,Lanao del Sur,7.97891,124.355255,9.793058,23.039999,11.0,17.0
2019-07-20 00:00:00+00:00,Leyte,11.212654,124.959999,10.495713,29.16,8.0,4.7999997
2019-07-20 00:00:00+00:00,Maguindanao del Norte,6.994728,124.40506,9.346143,27.72,12.0,6.2000003
2019-07-20 00:00:00+00:00,Maguindanao del Sur,6.713532,124.819176,11.200571,28.44,9.0,4.0
2019-07-20 00:00:00+00:00,Marinduque,13.462214,121.866425,9.178235,25.199999,8.0,6.1
2019-07-20 00:00:00+00:00,Masbate,12.196836,123.618362,7.289444,22.68,7.0,2.3999999
2019-07-20 00:00:00+00:00,Metro Manila,14.586995,121.002785,14.039999,29.88,12.0,7.6000004
2019-07-20 00:00:00+00:00,Misamis Occidental,8.471002,123.788658,9.531505,25.56,3.0,0.5
2019-07-20 00:00:00+00:00,Misamis Oriental,8.471002,124.639168,11.4862,27.72,14.0,13.2
2019-07-20 00:00:00+00:00,Mountain Province,17.11775,120.864555,7.6367526,26.28,13.0,7.8999996
2019-07-20 00:00:00+00:00,Negros Occidental,10.650264,122.965576,10.483357,19.8,4.0,0.4
2019-07-20 00:00:00+00:00,Negros Oriental,9.314587,123.28125,7.8954163,24.119999,5.0,0.5
2019-07-20 00:00:00+00:00,Northern Samar,12.478031,124.63414,8.311245,20.519999,4.0,2.0
2019-07-20 00:00:00+00:00,Nueva Ecija,15.500878,120.958641,8.942214,26.28,13.0,20.9
2019-07-20 00:00:00+00:00,Nueva Vizcaya,16.48506,121.200005,7.172949,24.84,13.0,16.7
2019-07-20 00:00:00+00:00,Occidental Mindoro,12.337434,121.163208,9.605998,24.84,2.0,1.1
2019-07-20 00:00:00+00:00,Oriental Mindoro,13.391915,121.096893,5.692099,18.72,0.0,0.0
2019-07-20 00:00:00+00:00,Palawan,9.73638,118.664917,13.1041975,34.92,7.0,1.8000001
2019-07-20 00:00:00+00:00,Pampanga,15.008787,120.672272,14.33234,30.960001,9.0,5.6
2019-07-20 00:00:00+00:00,Pangasinan,15.99297,120.227058,7.928177,27.72,14.0,10.6
2019-07-20 00:00:00+00:00,Quezon,13.954306,121.657455,12.429127,30.960001,9.0,9.6
2019-07-20 00:00:00+00:00,Quirino,16.555359,121.487137,9.178235,24.119999,12.0,26.500002
2019-07-20 00:00:00+00:00,Rizal,14.586995,121.253479,11.252519,28.8,11.0,13.0
2019-07-20 00:00:00+00:00,Romblon,12.407733,122.003609,13.70839,32.760002,4.0,1.0
2019-07-20 00:00:00+00:00,Samar,11.775043,124.888092,9.793059,23.4,9.0,1.9000001
2019-07-20 00:00:00+00:00,Sarangani,6.080843,125.308853,12.522619,28.8,5.0,0.8000001
2019-07-20 00:00:00+00:00,Siquijor,9.244288,123.486557,16.981165,23.759998,7.0,1.6
2019-07-20 00:00:00+00:00,Sorsogon,12.970123,124.036362,11.435313,26.64,9.0,2.3000002
2019-07-20 00:00:00+00:00,South Cotabato,6.502636,124.882553,6.8777895,23.4,11.0,6.2999997
2019-07-20 00:00:00+00:00,Southern Leyte,10.158173,124.815788,13.339445,26.64,13.0,8.900001
2019-07-20 00:00:00+00:00,Sultan Kudarat,6.643234,124.638657,5.1165614,19.8,18.0,8.799999
2019-07-20 00:00:00+00:00,Sulu,6.080843,121.026711,8.891344,22.68,9.0,1.7
2019-07-20 00:00:00+00:00,Surigao del Norte,9.806679,125.449783,12.413476,17.64,1.0,0.4
2019-07-20 00:00:00+00:00,Surigao del Sur,9.033392,126.202423,13.708391,26.28,1.0,0.1
2019-07-20 00:00:00+00:00,Tarlac,15.500878,120.6203,9.585739,28.44,16.0,37.899994
2019-07-20 00:00:00+00:00,Tawi-Tawi,5.026362,119.752678,15.546833,21.24,2.0,0.4
2019-07-20 00:00:00+00:00,Zambales,15.360281,119.971855,11.252519,27.72,14.0,9.4
2019-07-20 00:00:00+00:00,Zamboanga Sibugay,7.768014,122.580925,9.114471,24.48,6.0,4.2
2019-07-20 00:00:00+00:00,Zamboanga del Norte,8.541301,123.353401,10.296251,26.64,5.0,1.0
2019-07-20 00:00:00+00:00,Zamboanga del Sur,7.838313,123.452682,11.090103,27.0,10.0,7.8
2019-07-21 00:00:00+00:00,Abra,17.60984,120.725334,7.968939,26.64,11.0,16.3
2019-07-21 00:00:00+00:00,Agusan del Norte,8.963093,125.548836,11.792404,31.68,7.0,2.1
2019-07-21 00:00:00+00:00,Agusan del Sur,8.611599,125.938034,10.086427,22.319998,11.0,5.1
2019-07-21 00:00:00+00:00,Aklan,11.704745,122.361359,15.021105,34.92,15.0,15.300001
2019-07-21 00:00:00+00:00,Albay,13.110721,123.770493,11.525623,23.4,18.0,12.400002
2019-07-21 00:00:00+00:00,Antique,10.720562,121.961136,11.885453,24.84,11.0,2.7000003
2019-07-21 00:00:00+00:00,Apayao,17.820738,121.425804,6.9527545,18.359999,12.0,6.4999995
2019-07-21 00:00:00+00:00,Aurora,15.782074,121.5,8.28,28.8,6.0,1.9
2019-07-21 00:00:00+00:00,Basilan,6.713532,122.018501,10.739832,28.8,13.0,12.900001
2019-07-21 00:00:00+00:00,Bataan,14.657293,120.529739,6.297428,17.64,9.0,5.0999994
2019-07-21 00:00:00+00:00,Batanes,20.421791,121.961777,21.434364,29.519999,6.0,1.2
2019-07-21 00:00:00+00:00,Batangas,13.743409,121.074379,12.096214,27.72,15.0,11.599999
2019-07-21 00:00:00+00:00,Benguet,16.48506,120.685715,6.8777895,27.0,22.0,11.399999
2019-07-21 00:00:00+00:00,Biliran,11.564148,124.473213,7.9932976,24.48,17.0,5.2999997
2019-07-21 00:00:00+00:00,Bohol,9.66608,123.897125,8.049845,27.0,19.0,6.2999997
2019-07-21 00:00:00+00:00,Bukidnon,8.119508,125.183914,7.289444,22.319998,16.0,13.900002
2019-07-21 00:00:00+00:00,Bulacan,14.86819,120.782852,9.957108,21.24,9.0,5.6
2019-07-21 00:00:00+00:00,Cagayan,17.60984,121.682785,13.797912,25.919998,15.0,2.7999992
2019-07-21 00:00:00+00:00,Camarines Norte,14.094903,122.96125,12.0694,32.399998,12.0,13.1
2019-07-21 00:00:00+00:00,Camarines Sur,13.602812,123.244728,6.9247384,20.880001,12.0,8.299999
2019-07-21 00:00:00+00:00,Camiguin,9.244288,124.735474,8.64,29.88,16.0,7.5
2019-07-21 00:00:00+00:00,Capiz,11.564148,122.785713,13.746156,27.359999,16.0,13.900001
2019-07-21 00:00:00+00:00,Catanduanes,13.602812,124.317139,10.00256,30.960001,11.0,10.8
2019-07-21 00:00:00+00:00,Cavite,14.305799,120.888069,11.609651,23.4,12.0,17.000002
2019-07-21 00:00:00+00:00,Cebu,10.29877,123.769775,8.209263,26.28,20.0,18.500002
2019-07-21 00:00:00+00:00,Cotabato,6.994728,125.0886,6.763786,19.8,21.0,50.7
2019-07-21 00:00:00+00:00,Davao Occidental,6.432337,125.532265,10.137692,28.08,10.0,1.4000001
2019-07-21 00:00:00+00:00,Davao Oriental,6.924429,126.273178,11.019764,24.119999,15.0,8.8
2019-07-21 00:00:00+00:00,Davao de Oro,7.627417,125.969391,10.587918,23.759998,11.0,8.400001
2019-07-21 00:00:00+00:00,Davao del Norte,7.41652,125.801529,12.7279215,29.519999,15.0,5.2
2019-07-21 00:00:00+00:00,Davao del Sur,6.783832,125.378792,11.542478,25.56,4.0,1.8000001
2019-07-21 00:00:00+00:00,Dinagat Islands,10.087873,125.574059,6.28713,20.519999,10.0,2.1000001
2019-07-21 00:00:00+00:00,Eastern Samar,11.634446,125.388748,8.64,25.919998,15.0,3.8
2019-07-21 00:00:00+00:00,Guimaras,10.579965,122.619049,8.473393,21.24,17.0,4.8999996
2019-07-21 00:00:00+00:00,Ifugao,16.836554,121.17704,6.792466,18.72,14.0,10.1
2019-07-21 00:00:00+00:00,Ilocos Norte,18.172232,120.614037,9.957108,21.96,11.0,16.8
2019-07-21 00:00:00+00:00,Ilocos Sur,17.539541,120.434784,12.397806,27.359999,14.0,13.200002
2019-07-21 00:00:00+00:00,Iloilo,11.001758,122.632973,6.830519,19.44,18.0,24.7
2019-07-21 00:00:00+00:00,Isabela,17.11775,121.902016,9.793058,20.519999,9.0,4.5
2019-07-21 00:00:00+00:00,Kalinga,17.469244,121.447876,10.829958,22.68,16.0,13.100001
2019-07-21 00:00:00+00:00,La Union,16.625658,120.314888,9.826088,26.28,22.0,24.6
2019-07-21 00:00:00+00:00,Laguna,14.305799,121.470863,12.413477,29.16,13.0,4.2000003
2019-07-21 00:00:00+00:00,Lanao del Norte,8.260105,124.318771,8.534353,24.48,10.0,2.3
2019-07-21 00:00:00+00:00,Lanao del Sur,7.97891,124.355255,6.6087217,18.359999,13.0,5.5
2019-07-21 00:00:00+00:00,Leyte,11.212654,124.959999,10.028439,23.039999,12.0,6.8999996
2019-07-21 00:00:00+00:00,Maguindanao del Norte,6.994728,124.40506,9.585739,23.039999,10.0,4.8999996
2019-07-21 00:00:00+00:00,Maguindanao del Sur,6.713532,124.819176,10.931203,20.519999,12.0,13.199999
2019-07-21 00:00:00+00:00,Marinduque,13.462214,121.866425,8.714677,22.68,16.0,11.700001
2019-07-21 00:00:00+00:00,Masbate,12.196836,123.618362,10.308831,27.0,14.0,21.500002
2019-07-21 00:00:00+00:00,Metro Manila,14.586995,121.002785,9.6932955,24.119999,12.0,8.499999
2019-07-21 00:00:00+00:00,Misamis Occidental,8.471002,123.788658,7.653705,22.319998,10.0,1.7
2019-07-21 00:00:00+00:00,Misamis Oriental,8.471002,124.639168,9.085988,23.039999,13.0,6.7
2019-07-21 00:00:00+00:00,Mountain Province,17.11775,120.864555,8.759178,25.199999,18.0,16.7
2019-07-21 00:00:00+00:00,Negros Occidental,10.650264,122.965576,11.753877,25.56,11.0,9.8
2019-07-21 00:00:00+00:00,Negros Oriental,9.314587,123.28125,8.854829,27.0,9.0,3.4
2019-07-21 00:00:00+00:00,Northern Samar,12.478031,124.63414,11.440978,29.519999,12.0,7.2000003
2019-07-21 00:00:00+00:00,Nueva Ecija,15.500878,120.958641,7.8625183,20.880001,17.0,14.000002
2019-07-21 00:00:00+00:00,Nueva Vizcaya,16.48506,121.200005,5.6920996,18.72,21.0,15.300003
2019-07-21 00:00:00+00:00,Occidental Mindoro,12.337434,121.163208,6.9527545,20.519999,9.0,10.4
2019-07-21 00:00:00+00:00,Oriental Mindoro,13.391915,121.096893,13.854155,33.12,7.0,5.6
2019-07-21 00:00:00+00:00,Palawan,9.73638,118.664917,7.968939,24.48,6.0,2.2
2019-07-21 00:00:00+00:00,Pampanga,15.008787,120.672272,7.289445,17.64,15.0,7.399999
2019-07-21 00:00:00+00:00,Pangasinan,15.99297,120.227058,10.495713,23.039999,20.0,11.400001
2019-07-21 00:00:00+00:00,Quezon,13.954306,121.657455,8.287822,21.96,10.0,6.8
2019-07-21 00:00:00+00:00,Quirino,16.555359,121.487137,7.172949,16.199999,20.0,8.000001
2019-07-21 00:00:00+00:00,Rizal,14.586995,121.253479,9.007196,22.68,10.0,5.7
2019-07-21 00:00:00+00:00,Romblon,12.407733,122.003609,10.853866,27.359999,15.0,12.300001
2019-07-21 00:00:00+00:00,Samar,11.775043,124.888092,10.495713,28.08,19.0,12.900001
2019-07-21 00:00:00+00:00,Sarangani,6.080843,125.308853,13.797912,28.8,5.0,1.1
2019-07-21 00:00:00+00:00,Siquijor,9.244288,123.486557,10.829959,20.16,13.0,6.2000003
2019-07-21 00:00:00+00:00,Sorsogon,12.970123,124.036362,7.9932976,21.599998,16.0,13.999999
2019-07-21 00:00:00+00:00,South Cotabato,6.502636,124.882553,5.506941,22.68,19.0,15.000002
2019-07-21 00:00:00+00:00,Southern Leyte,10.158173,124.815788,8.587338,27.0,20.0,13.200002
2019-07-21 00:00:00+00:00,Sultan Kudarat,6.643234,124.638657,8.654986,19.08,22.0,14.600001
2019-07-21 00:00:00+00:00,Sulu,6.080843,121.026711,7.491114,20.880001,9.0,1.6000001
2019-07-21 00:00:00+00:00,Surigao del Norte,9.806679,125.449783,11.269782,17.28,9.0,4.8
2019-07-21 00:00:00+00:00,Surigao del Sur,9.033392,126.202423,14.007655,25.919998,1.0,0.1
2019-07-21 00:00:00+00:00,Tarlac,15.500878,120.6203,6.6185193,19.08,19.0,12.700003
2019-07-21 00:00:00+00:00,Tawi-Tawi,5.026362,119.752678,14.512064,20.16,8.0,1.4
2019-07-21 00:00:00+00:00,Zambales,15.360281,119.971855,9.531505,19.8,11.0,2.3000002
2019-07-21 00:00:00+00:00,Zamboanga Sibugay,7.768014,122.580925,10.8955765,25.919998,18.0,7.5000005
2019-07-21 00:00:00+00:00,Zamboanga del Norte,8.541301,123.353401,11.200571,27.72,16.0,11.599998
2019-07-21 00:00:00+00:00,Zamboanga del Sur,7.838313,123.452682,10.233123,25.56,11.0,8.900002
2019-07-22 00:00:00+00:00,Abra,17.60984,120.725334,7.5685663,23.039999,13.0,13.800002
2019-07-22 00:00:00+00:00,Agusan del Norte,8.963093,125.548836,14.33234,36.36,14.0,10.5
2019-07-22 00:00:00+00:00,Agusan del Sur,8.611599,125.938034,10.739833,30.599998,12.0,12.6
2019-07-22 00:00:00+00:00,Aklan,11.704745,122.361359,11.720751,27.72,15.0,7.2999997
2019-07-22 00:00:00+00:00,Albay,13.110721,123.770493,6.1305785,17.28,16.0,22.600002
2019-07-22 00:00:00+00:00,Antique,10.720562,121.961136,9.6932955,24.119999,14.0,2.5999997
2019-07-22 00:00:00+00:00,Apayao,17.820738,121.425804,9.290511,23.039999,13.0,5.899999
2019-07-22 00:00:00+00:00,Aurora,15.782074,121.5,8.707238,25.56,13.0,6.7999997
2019-07-22 00:00:00+00:00,Basilan,6.713532,122.018501,7.5685663,25.199999,10.0,12.2
2019-07-22 00:00:00+00:00,Bataan,14.657293,120.529739,10.24578,27.0,16.0,9.7
2019-07-22 00:00:00+00:00,Batanes,20.421791,121.961777,17.57744,24.119999,11.0,8.299999
2019-07-22 00:00:00+00:00,Batangas,13.743409,121.074379,9.726664,23.759998,22.0,24.500002
2019-07-22 00:00:00+00:00,Benguet,16.48506,120.685715,9.793059,30.239998,8.0,8.000001
2019-07-22 00:00:00+00:00,Biliran,11.564148,124.473213,9.47012,27.72,20.0,16.2
2019-07-22 00:00:00+00:00,Bohol,9.66608,123.897125,11.440978,27.0,14.0,7.2
2019-07-22 00:00:00+00:00,Bukidnon,8.119508,125.183914,10.365251,26.64,19.0,13.099999
2019-07-22 00:00:00+00:00,Bulacan,14.86819,120.782852,15.815435,31.319998,18.0,12.9
2019-07-22 00:00:00+00:00,Cagayan,17.60984,121.682785,12.55879,25.919998,13.0,8.600001
2019-07-22 00:00:00+00:00,Camarines Norte,14.094903,122.96125,8.209263,24.84,15.0,15.899999
2019-07-22 00:00:00+00:00,Camarines Sur,13.602812,123.244728,7.6367526,19.8,12.0,13.800001
2019-07-22 00:00:00+00:00,Camiguin,9.244288,124.735474,13.891522,39.6,16.0,4.4999995
2019-07-22 00:00:00+00:00,Capiz,11.564148,122.785713,14.618837,29.519999,15.0,12.700001
2019-07-22 00:00:00+00:00,Catanduanes,13.602812,124.317139,6.28713,22.68,18.0,19.4
2019-07-22 00:00:00+00:00,Cavite,14.305799,120.888069,12.682018,25.919998,21.0,12.599999
2019-07-22 00:00:00+00:00,Cebu,10.29877,123.769775,9.826088,27.359999,16.0,8.300001
2019-07-22 00:00:00+00:00,Cotabato,6.994728,125.0886,7.2,21.599998,9.0,4.4999995
2019-07-22 00:00:00+00:00,Davao Occidental,6.432337,125.532265,8.217153,28.08,9.0,12.900001
2019-07-22 00:00:00+00:00,Davao Oriental,6.924429,126.273178,14.8257065,28.8,10.0,3.4999998
2019-07-22 00:00:00+00:00,Davao de Oro,7.627417,125.969391,12.218805,29.88,8.0,1.6
2019-07-22 00:00:00+00:00,Davao del Norte,7.41652,125.801529,14.830076,34.2,3.0,0.3
2019-07-22 00:00:00+00:00,Davao del Sur,6.783832,125.378792,15.575981,33.839996,7.0,8.6
2019-07-22 00:00:00+00:00,Dinagat Islands,10.087873,125.574059,15.379206,38.16,14.0,4.4999995
2019-07-22 00:00:00+00:00,Eastern Samar,11.634446,125.388748,9.0645685,27.0,12.0,28.700003
2019-07-22 00:00:00+00:00,Guimaras,10.579965,122.619049,14.021525,28.8,10.0,7.2999997
2019-07-22 00:00:00+00:00,Ifugao,16.836554,121.17704,6.12,21.599998,18.0,10.8
2019-07-22 00:00:00+00:00,Ilocos Norte,18.172232,120.614037,7.7879906,21.24,11.0,12.8
2019-07-22 00:00:00+00:00,Ilocos Sur,17.539541,120.434784,8.404285,20.880001,12.0,14.000001
2019-07-22 00:00:00+00:00,Iloilo,11.001758,122.632973,11.988594,26.28,12.0,13.200001
2019-07-22 00:00:00+00:00,Isabela,17.11775,121.902016,9.387651,23.4,13.0,4.8999996
2019-07-22 00:00:00+00:00,Kalinga,17.469244,121.447876,11.269782,25.56,17.0,10.3
2019-07-22 00:00:00+00:00,La Union,16.625658,120.314888,10.630672,23.759998,14.0,10.0
2019-07-22 00:00:00+00:00,Laguna,14.305799,121.470863,7.2805495,26.64,22.0,22.199999
2019-07-22 00:00:00+00:00,Lanao del Norte,8.260105,124.318771,6.130579,23.039999,13.0,3.8000002
2019-07-22 00:00:00+00:00,Lanao del Sur,7.97891,124.355255,15.542662,34.2,8.0,5.9
2019-07-22 00:00:00+00:00,Leyte,11.212654,124.959999,7.6367526,18.359999,12.0,13.5
2019-07-22 00:00:00+00:00,Maguindanao del Norte,6.994728,124.40506,8.12197,21.599998,13.0,11.700001
2019-07-22 00:00:00+00:00,Maguindanao del Sur,6.713532,124.819176,7.2,22.319998,18.0,15.900001
2019-07-22 00:00:00+00:00,Marinduque,13.462214,121.866425,7.771331,22.319998,21.0,11.099999
2019-07-22 00:00:00+00:00,Masbate,12.196836,123.618362,9.673221,24.48,19.0,18.0
2019-07-22 00:00:00+00:00,Metro Manila,14.586995,121.002785,10.594036,25.919998,17.0,11.300001
2019-07-22 00:00:00+00:00,Misamis Occidental,8.471002,123.788658,9.72,31.68,13.0,17.9
2019-07-22 00:00:00+00:00,Misamis Oriental,8.471002,124.639168,9.693296,23.039999,14.0,8.2
2019-07-22 00:00:00+00:00,Mountain Province,17.11775,120.864555,9.3669195,27.359999,19.0,67.6
2019-07-22 00:00:00+00:00,Negros Occidental,10.650264,122.965576,12.303366,25.199999,13.0,12.400002
2019-07-22 00:00:00+00:00,Negros Oriental,9.314587,123.28125,9.178235,27.0,22.0,30.000002
2019-07-22 00:00:00+00:00,Northern Samar,12.478031,124.63414,9.178235,25.919998,16.0,10.8
2019-07-22 00:00:00+00:00,Nueva Ecija,15.500878,120.958641,5.8048253,23.759998,12.0,29.0
2019-07-22 00:00:00+00:00,Nueva Vizcaya,16.48506,121.200005,10.105681,32.039997,13.0,17.6
2019-07-22 00:00:00+00:00,Occidental Mindoro,12.337434,121.163208,8.905908,23.039999,14.0,15.699999
2019-07-22 00:00:00+00:00,Oriental Mindoro,13.391915,121.096893,10.009036,24.48,13.0,11.700001
2019-07-22 00:00:00+00:00,Palawan,9.73638,118.664917,9.021574,28.08,6.0,13.900001
2019-07-22 00:00:00+00:00,Pampanga,15.008787,120.672272,13.0447235,29.16,12.0,7.9999995
2019-07-22 00:00:00+00:00,Pangasinan,15.99297,120.227058,16.299694,32.760002,12.0,4.2
2019-07-22 00:00:00+00:00,Quezon,13.954306,121.657455,5.8603754,22.319998,17.0,21.800003
2019-07-22 00:00:00+00:00,Quirino,16.555359,121.487137,8.913181,21.24,14.0,12.9
2019-07-22 00:00:00+00:00,Rizal,14.586995,121.253479,7.289444,24.84,21.0,14.499999
2019-07-22 00:00:00+00:00,Romblon,12.407733,122.003609,9.726665,27.359999,22.0,22.800001
2019-07-22 00:00:00+00:00,Samar,11.775043,124.888092,13.207634,32.399998,17.0,9.000001
2019-07-22 00:00:00+00:00,Sarangani,6.080843,125.308853,14.404499,29.519999,11.0,1.7000002
2019-07-22 00:00:00+00:00,Siquijor,9.244288,123.486557,23.113008,32.760002,3.0,0.4
2019-07-22 00:00:00+00:00,Sorsogon,12.970123,124.036362,9.107359,22.319998,18.0,20.200003
2019-07-22 00:00:00+00:00,South Cotabato,6.502636,124.882553,7.92,20.16,15.0,11.700001
2019-07-22 00:00:00+00:00,Southern Leyte,10.158173,124.815788,10.990322,27.72,21.0,13.300002
2019-07-22 00:00:00+00:00,Sultan Kudarat,6.643234,124.638657,5.495161,15.119999,5.0,2.9
2019-07-22 00:00:00+00:00,Sulu,6.080843,121.026711,7.10031,23.4,13.0,14.700001
2019-07-22 00:00:00+00:00,Surigao del Norte,9.806679,125.449783,21.325253,29.519999,14.0,9.7
2019-07-22 00:00:00+00:00,Surigao del Sur,9.033392,126.202423,11.681987,28.8,13.0,23.1
2019-07-22 00:00:00+00:00,Tarlac,15.500878,120.6203,10.787993,24.84,11.0,15.400001
2019-07-22 00:00:00+00:00,Tawi-Tawi,5.026362,119.752678,12.9249525,18.359999,8.0,1.2
2019-07-22 00:00:00+00:00,Zambales,15.360281,119.971855,14.291592,27.72,9.0,3.3
2019-07-22 00:00:00+00:00,Zamboanga Sibugay,7.768014,122.580925,9.178235,22.319998,14.0,9.299999
2019-07-22 00:00:00+00:00,Zamboanga del Norte,8.541301,123.353401,11.753877,31.68,14.0,5.8
2019-07-22 00:00:00+00:00,Zamboanga del Sur,7.838313,123.452682,9.227524,22.319998,16.0,11.799999
2019-07-23 00:00:00+00:00,Abra,17.60984,120.725334,7.145796,21.24,15.0,26.3
2019-07-23 00:00:00+00:00,Agusan del Norte,8.963093,125.548836,15.379206,38.519997,20.0,24.800001
2019-07-23 00:00:00+00:00,Agusan del Sur,8.611599,125.938034,10.08,27.72,21.0,52.7
2019-07-23 00:00:00+00:00,Aklan,11.704745,122.361359,14.799459,28.8,10.0,2.3
2019-07-23 00:00:00+00:00,Albay,13.110721,123.770493,7.491114,21.24,16.0,16.6
2019-07-23 00:00:00+00:00,Antique,10.720562,121.961136,12.538134,26.28,21.0,12.200002
2019-07-23 00:00:00+00:00,Apayao,17.820738,121.425804,10.009036,30.960001,8.0,4.2999997
2019-07-23 00:00:00+00:00,Aurora,15.782074,121.5,5.3517847,19.08,9.0,5.2999997
2019-07-23 00:00:00+00:00,Basilan,6.713532,122.018501,8.089993,23.039999,17.0,3.5
2019-07-23 00:00:00+00:00,Bataan,14.657293,120.529739,8.759178,22.68,12.0,3.1
2019-07-23 00:00:00+00:00,Batanes,20.421791,121.961777,12.287555,17.64,6.0,1.3
2019-07-23 00:00:00+00:00,Batangas,13.743409,121.074379,13.1041975,28.44,15.0,9.7
2019-07-23 00:00:00+00:00,Benguet,16.48506,120.685715,9.504273,29.16,15.0,7.2999997
2019-07-23 00:00:00+00:00,Biliran,11.564148,124.473213,12.324414,32.039997,20.0,15.400001
2019-07-23 00:00:00+00:00,Bohol,9.66608,123.897125,10.883676,26.64,19.0,11.599999
2019-07-23 00:00:00+00:00,Bukidnon,8.119508,125.183914,8.905908,28.08,22.0,41.200005
2019-07-23 00:00:00+00:00,Bulacan,14.86819,120.782852,9.178235,30.599998,18.0,7.7999997
2019-07-23 00:00:00+00:00,Cagayan,17.60984,121.682785,11.923557,25.56,9.0,8.1
2019-07-23 00:00:00+00:00,Camarines Norte,14.094903,122.96125,8.905908,27.0,18.0,6.6999993
2019-07-23 00:00:00+00:00,Camarines Sur,13.602812,123.244728,9.983106,22.319998,16.0,13.900001
2019-07-23 00:00:00+00:00,Camiguin,9.244288,124.735474,14.081477,39.96,17.0,12.6
2019-07-23 00:00:00+00:00,Capiz,11.564148,122.785713,15.072783,30.960001,12.0,6.6000004
2019-07-23 00:00:00+00:00,Catanduanes,13.602812,124.317139,8.473393,27.0,21.0,51.6
2019-07-23 00:00:00+00:00,Cavite,14.305799,120.888069,13.849476,26.64,12.0,19.9
2019-07-23 00:00:00+00:00,Cebu,10.29877,123.769775,11.480557,30.239998,17.0,10.100001
2019-07-23 00:00:00+00:00,Cotabato,6.994728,125.0886,8.427383,26.64,19.0,16.699999
2019-07-23 00:00:00+00:00,Davao Occidental,6.432337,125.532265,5.634891,26.28,19.0,16.1
2019-07-23 00:00:00+00:00,Davao Oriental,6.924429,126.273178,13.5515,25.919998,16.0,11.9
2019-07-23 00:00:00+00:00,Davao de Oro,7.627417,125.969391,11.183201,27.0,16.0,12.300002
2019-07-23 00:00:00+00:00,Davao del Norte,7.41652,125.801529,16.343367,35.64,18.0,16.000002
2019-07-23 00:00:00+00:00,Davao del Sur,6.783832,125.378792,12.387348,27.72,18.0,23.4
2019-07-23 00:00:00+00:00,Dinagat Islands,10.087873,125.574059,19.272614,40.32,22.0,20.2
2019-07-23 00:00:00+00:00,Eastern Samar,11.634446,125.388748,7.771331,25.919998,12.0,14.9
2019-07-23 00:00:00+00:00,Guimaras,10.579965,122.619049,16.323528,31.319998,7.0,9.599999
2019-07-23 00:00:00+00:00,Ifugao,16.836554,121.17704,7.24486,23.759998,18.0,9.100001
2019-07-23 00:00:00+00:00,Ilocos Norte,18.172232,120.614037,8.669949,23.039999,19.0,7.9999986
2019-07-23 00:00:00+00:00,Ilocos Sur,17.539541,120.434784,8.905908,23.759998,17.0,8.800001
2019-07-23 00:00:00+00:00,Iloilo,11.001758,122.632973,9.504272,24.119999,11.0,13.0
2019-07-23 00:00:00+00:00,Isabela,17.11775,121.902016,10.24578,23.759998,13.0,5.5999994
2019-07-23 00:00:00+00:00,Kalinga,17.469244,121.447876,8.707237,23.4,16.0,19.8
2019-07-23 00:00:00+00:00,La Union,16.625658,120.314888,10.853866,30.599998,16.0,6.4999995
2019-07-23 00:00:00+00:00,Laguna,14.305799,121.470863,9.255571,25.919998,14.0,6.6999993
2019-07-23 00:00:00+00:00,Lanao del Norte,8.260105,124.318771,6.162207,20.519999,20.0,20.0
2019-07-23 00:00:00+00:00,Lanao del Sur,7.97891,124.355255,11.609651,29.519999,23.0,35.6
2019-07-23 00:00:00+00:00,Leyte,11.212654,124.959999,10.44,27.359999,16.0,10.300001
2019-07-23 00:00:00+00:00,Maguindanao del Norte,6.994728,124.40506,7.8954163,32.399998,23.0,34.199997
2019-07-23 00:00:00+00:00,Maguindanao del Sur,6.713532,124.819176,10.739833,28.08,24.0,51.900005
2019-07-23 00:00:00+00:00,Marinduque,13.462214,121.866425,8.12197,26.64,22.0,15.4
2019-07-23 00:00:00+00:00,Masbate,12.196836,123.618362,14.386494,31.68,21.0,18.100002
2019-07-23 00:00:00+00:00,Metro Manila,14.586995,121.002785,9.178235,27.0,11.0,3.8999996
2019-07-23 00:00:00+00:00,Misamis Occidental,8.471002,123.788658,12.496718,27.0,13.0,13.7
2019-07-23 00:00:00+00:00,Misamis Oriental,8.471002,124.639168,10.24578,31.319998,22.0,16.7
2019-07-23 00:00:00+00:00,Mountain Province,17.11775,120.864555,9.3669195,27.72,17.0,36.999996
2019-07-23 00:00:00+00:00,Negros Occidental,10.650264,122.965576,16.394829,32.399998,17.0,13.500002
2019-07-23 00:00:00+00:00,Negros Oriental,9.314587,123.28125,8.473393,30.239998,24.0,70.0
2019-07-23 00:00:00+00:00,Northern Samar,12.478031,124.63414,10.883676,27.0,20.0,12.8
2019-07-23 00:00:00+00:00,Nueva Ecija,15.500878,120.958641,10.883676,24.84,11.0,10.5
2019-07-23 00:00:00+00:00,Nueva Vizcaya,16.48506,121.200005,6.519877,21.599998,17.0,12.400002
2019-07-23 00:00:00+00:00,Occidental Mindoro,12.337434,121.163208,14.904173,31.319998,18.0,19.000002
2019-07-23 00:00:00+00:00,Oriental Mindoro,13.391915,121.096893,15.072783,34.92,1.0,0.5
2019-07-23 00:00:00+00:00,Palawan,9.73638,118.664917,4.0249224,21.24,8.0,10.2
2019-07-23 00:00:00+00:00,Pampanga,15.008787,120.672272,9.511088,34.92,10.0,6.1999993
2019-07-23 00:00:00+00:00,Pangasinan,15.99297,120.227058,11.27553,24.48,13.0,4.7999997
2019-07-23 00:00:00+00:00,Quezon,13.954306,121.657455,7.342588,28.44,16.0,20.800001
2019-07-23 00:00:00+00:00,Quirino,16.555359,121.487137,6.12,17.28,17.0,24.200003
2019-07-23 00:00:00+00:00,Rizal,14.586995,121.253479,10.30883,24.84,11.0,9.499999
2019-07-23 00:00:00+00:00,Romblon,12.407733,122.003609,12.303366,28.44,19.0,16.699999
2019-07-23 00:00:00+00:00,Samar,11.775043,124.888092,16.87398,37.8,21.0,19.1
2019-07-23 00:00:00+00:00,Sarangani,6.080843,125.308853,14.471821,30.239998,18.0,16.0
2019-07-23 00:00:00+00:00,Siquijor,9.244288,123.486557,28.227304,41.399998,8.0,2.6
2019-07-23 00:00:00+00:00,Sorsogon,12.970123,124.036362,11.808878,23.759998,18.0,19.300003
2019-07-23 00:00:00+00:00,South Cotabato,6.502636,124.882553,7.7043357,25.56,18.0,17.900002
2019-07-23 00:00:00+00:00,Southern Leyte,10.158173,124.815788,12.43434,28.8,24.0,15.200001
2019-07-23 00:00:00+00:00,Sultan Kudarat,6.643234,124.638657,6.6087217,23.039999,20.0,39.3
2019-07-23 00:00:00+00:00,Sulu,6.080843,121.026711,9.605998,24.48,17.0,8.1
2019-07-23 00:00:00+00:00,Surigao del Norte,9.806679,125.449783,24.567198,33.48,13.0,10.7
2019-07-23 00:00:00+00:00,Surigao del Sur,9.033392,126.202423,12.7279215,24.48,19.0,15.200001
2019-07-23 00:00:00+00:00,Tarlac,15.500878,120.6203,9.422101,22.68,13.0,6.4999995
2019-07-23 00:00:00+00:00,Tawi-Tawi,5.026362,119.752678,14.512064,22.68,15.0,5.7
2019-07-23 00:00:00+00:00,Zambales,15.360281,119.971855,7.289445,19.08,10.0,2.8999999
2019-07-23 00:00:00+00:00,Zamboanga Sibugay,7.768014,122.580925,10.966713,30.960001,23.0,23.6
2019-07-23 00:00:00+00:00,Zamboanga del Norte,8.541301,123.353401,15.2947035,34.2,19.0,11.000001
2019-07-23 00:00:00+00:00,Zamboanga del Sur,7.838313,123.452682,9.449572,28.44,23.0,45.6
